text	score	chrid	begin	end	strand
AAGGGCGAATAAAAAAGATTCGATCTGATGTCAGATGAGTC	7.27166	chr8	42623765	42623806	+
GACAGCAGAGAGAAGGGCCACGCTGCTCACGTCAGCAGTGC	6.49843	chr16	80061269	80061310	+
CATGTGATCCCACTGCAAACCGAGTTCTCCCTATGTGACTC	6.12156	chr8	82276966	82277007	+
ACTCATGCTGGAGGTTCCTGCGGAGTGAGCATCAGAGCTCA	7.90577	chr2	113450258	113450299	+
ACACAGTCCTGTGGTCATAGCGAATCTTTCTAAAGCTCTGA	6.04393	chr8	128808042	128808083	+
GAGGCAGCCCAGAGGCCAGCCGGTCCCCACCACCCAGCTAC	5.98744	chr16	80061336	80061377	+
AGCCTGGGCTGCCGGGGAGACGATGAGTAATTCAGGGCAGT	9.62072	chr16	27437879	27437920	+
AGGAGAACAAAGCCAAAGGACGCCATTGGCCTCTGGGGGCG	7.48721	chr6	16713592	16713633	+
GGCACACTTAGTCCTGTCCACGCCAGACACTCAATTTCCTG	7.31395	chr2	25142208	25142249	+
ATTAGAGGCGTGAGCCACCGCGTCTGGTGGTTTCTTCACCC	5.85289	chr13	53191026	53191067	-
ACTGTGACTCATCCTCCCCCCGGGACTGGCAGAATGACTCA	6.74161	chr10	115086082	115086123	+
TCCTGCCTGCTCAGCACTGTCGGCTCCAAGCTTGCCCCCAT	6.72518	chr1	156084251	156084292	-
TCAAGGCAGCCCAGGCAAATCGCACTAAGAAGGGCTCCTGG	5.56393	chr16	69564605	69564646	-
AAATAACATCTGAAACAGGCCGGGCTTTTGATGATACCTCC	7.50499	chr1	234908205	234908246	+
GCGACCACAGGAACATGTGCCGTGGCCTGTGAAGCAACCAC	5.05655	chr13	102359090	102359131	-
GAAATTCCCAGAGTCTCCTGCGGGGGCTTATTTTAGGTGTG	5.84084	chr14	50527852	50527893	-
GAGGGTGCCTGATGGCTTTGCGTTTTCTAAGAGCATTTTCA	5.8243	chr9	130150981	130151022	-
AATGACTTGCTTGAAGCAGTCGGTTCTGAACGAGCCTGATG	5.71248	chr15	92613260	92613301	-
AGATGCGTCCTAAGGCGCTCCGGCCAGCGCCCTGCATGCAC	5.88791	chr1	234908360	234908401	+
CAAGAATGAAAGCAGGGCGGCGGGGCTGACTCACCGGATGA	5.07517	chr16	69564714	69564755	+
CTTGCCCCGGGGCGAACTGTCGGAAGGAGGTGCGGTCACCT	5.07061	chr3	111577960	111578001	+
CTGGTAAACTTGCCCCGGGGCGAACTGTCGGAAGGAGGTGC	5.87657	chr3	111577952	111577993	+
ATCCGCATTTCACATCAACTCGTGAGTCTCCTGCCTGGGAC	5.84218	chr8	1703993	1704034	-
GAAGCCTTGTTTCTATGAGACGAAATGGTAAGACAGCAAAG	5.24141	chr6	11318750	11318791	-
CGGCATCTACATTCTTACAACGAAGGACTGAGAAACACCTC	5.31302	chr2	87755351	87755392	-
ACTGCTTAAATTGTAGAAAGCGCATTTTATTTCAGTCCACT	6.11386	chr6	119450686	119450727	+
CTTCCTTGTATTCTTACCGCCGGAAAAAGTCAGAAAAGAAT	5.36733	chr10	29948303	29948344	+
GGAATATTTATAAAAATGAGCGCCAAGGAATTCAGCTGTGG	5.94003	chr10	29948408	29948449	-
CCCCTGCCTCGGCTTGGGAACGCCAAGGACATCCCCCACGG	6.39411	chr5	141303221	141303262	+
CTATTATAAGGTAGAGACCACGCCCCTCCACAAGGAGCCAA	0.193802	chr20	825220	825261	-
GGAAGCCGCTGCAAGTCCACCGCCTCAGCTACCCAGATTGG	0.184836	chr12	7283028	7283069	+
GTACTGCCCGAGCATGTAAGCGTCCTGCAAGGCGTTGACTT	0.194267	chr3	37034134	37034175	-
CCTTCTAGGTTCAGTCACCGCGGTCCCACCCAGCACTCAGG	0.180651	chr19	58361274	58361315	-
GGCCGCAGCTAGCGTGGAGCCGCCCTGCGGGCAACTGAGAC	0.199998	chr20	3388249	3388290	-
CCTAGCTGGGGAACCAGTACCGGCCCCTGGTGCACTGTCCA	0.191848	chr17	38497474	38497515	-
GATTGTCCCGCGCCTTGTGACGTCACACGCGGGTTTTTAAG	0.192811	chr17	41476296	41476337	+
TCAATACGAGGCGTAAAAGCCGGGTCCTCCACTGGCTAGGG	0.18222	chr6	28092248	28092289	+
GGAACAGGTGCAACAGCTAGCGTCCTTTGGACAGCCCCGAA	0.169531	chr6	28092400	28092441	-
CCCCTACAAATCGGAAGTCTCGCTTCCCCTTAAGCAGAAGT	0.160468	chr19	51897604	51897645	-
CTTCTTCTGATTGGCCGAGCCGAGTCGTCACGAGCCATGAT	0.187048	chr4	76555751	76555792	+
CAGCGCAGCTCGGGTTCCCACGCTCCTATTGTTGGCGACTT	0.184347	chr8	80696421	80696462	+
GTGTAAGTGGTCAATAAATACGAGCTATTATTATGAGCAAC	0.187649	chr11	6440761	6440802	-
CCTTCCTCCTGTCGCCCGCCCGCCGCCGCCGAGATTCGCAA	0.191992	chr16	49889222	49889263	+
GGGAACGGAAGGCTCACCACCGCCCGGCCACTGCAGCATTG	0.172026	chr1	7740251	7740292	-
CCACTCACTAAACCCACACACGTTTCATTCAAGCCATTTGT	0.178099	chr7	124406068	124406109	+
CCGCCCGCCGAGAGCCATCCCGAGCCATAAGAGGCTCCATG	0.174227	chr15	60884727	60884768	+
CAGCTTGGCGACGGCGATCTCGACGCGGGCCCCCAGGATCT	0.197191	chr7	142552893	142552934	+
GCCGGCGCTGGCGGGGCGACCGCGTAACGGTGCTGCTGGCC	0.191717	chr8	144680872	144680913	+
CGCCGCCGCTGATTGTCCCGCGCCTTGTGACGTCACACGCG	0.187713	chr17	41476286	41476327	+
CCGCCTGAGCCGGAGCTGCCCGCTTCAAGTACTGTGTATTT	0.1795	chr11	14379789	14379830	-
ACGAGGGGGCGCAGGACCAACGACATCACCTCTGCGCGCGA	0.196195	chr7	91510073	91510114	-
CGGAGAGAAGGGCCGTGCTCCGAGAGACACAGCCATGCCCT	0.190639	chr15	28341173	28341214	-
GCGCTCGGTGTCTGTGCGCACGTGTCTCCCTCGCAGATGGG	0.177637	chr11	72354002	72354043	-
CCGGGCGGGGACCCGCGCCACGCCTCCTGGCGGCCAAGCTG	0.172236	chr17	72856033	72856074	+
TGGGAAGAGAAACCGGCGACCGCGGAGCCCACCCTCGGCCG	0.179341	chr16	67700723	67700764	-
TCCTGCCTGGGCCCAGCGCGCGGGCCACGGGGCCGCACCTG	0.195398	chr10	43892799	43892840	-
CCTGCTGCACCGCTCCCTGACGTCCTGGTGGGGAGGCTCTG	0.139647	chr11	6440710	6440751	+
CCGCAGAGCGTCTTCCCTGACGGTGAAACCGCGCGGGACAC	0.187007	chr6	137243198	137243239	+
CTCACCCTGCGGGCGGCCCTCGGACCTCGGTGAGCCCCGCG	0.193776	chr11	6440442	6440483	+
TCTGGGAAGTGTAGTCCAGACGCCTGTGGCATCATCGACAC	0.188964	chr19	44488306	44488347	+
TGCAGTTCCGACCGCTCCACCGAGCCCAGCAGGATCATTGA	0.185033	chr7	143042615	143042656	-
ACGGAGGTGGAGATGGGCTCCGGTGCTCCCGCTGAACAGGG	0.199937	chr7	41982746	41982787	+
CGGCCCGGGTCACCTCGACTCGCCAGGCTTAACTCAATAAC	0.195425	chr19	37064150	37064191	+
GCCCTGCTGACGTAACTATTCGAGAATTTAAAAGTCCCAAA	0.182189	chr10	123873257	123873298	-
ACCCGCGCCACGCCTCCTGGCGGCCAAGCTGAGCACCACGC	0.187034	chr17	72856043	72856084	+
TTTTCGTGGGGGTGGGGTTGCGACGCAGAGTTTACCATATT	0.185922	chr7	150102700	150102741	+
GTGACCCAGTGATGAAAGCTCGAATCTTATAGGATCCGTAT	0.19556	chr4	2765901	2765942	+
CGCGCGGCTTGCGCTCTCCCCGGAACGCCCACACTCTCAAT	0.173057	chr6	91006571	91006612	+
TGGACGTTTAACGGCGACTCCGCCCGGCCTCCCGACTTTTT	0.187302	chr18	5238289	5238330	+
GCCTGCCACGCCTTTTCCTGCGCCGGCCCACTGCCTTCTAG	0.19898	chr19	58071248	58071289	+
TGTCGTGGGGCCCTCACTCTCGAGCTGCAGAGCTGGGACAT	0.173249	chr5	73937742	73937783	-
GCGGCCCGGGCGCCCCCTCCCGCCGAGCTCTGCCACGGCTA	0.187487	chr19	55953976	55954017	-
CCCCGCTCGCGCCGCGCTGCCGGCTCATGAATATTTATACA	0.185082	chr10	35931214	35931255	+
AGCGGAACACCCAACACTAGCGCAAATACGCCCATGAGCTG	0.142587	chr6	26020660	26020701	-
TCTGCGCGCCTCCACCCTAGCGCTTGTCTTGGCTCCTAGAA	0.191186	chr8	144635423	144635464	+
AAGCGGAGCCTTTCTTACACCGGAAGTCAATGAAGCGGGTC	0.16749	chr22	27068712	27068753	+
GATTGGGGGTTTCCCATCGGCGCACCCTGCCCGGAGCCAAG	0.177506	chr13	95364973	95365014	-
GGCACTTCCTCTCGACGTTACGCAGCGCCGCCACTACTTCC	0.187589	chr11	43902295	43902336	-
CGTGAGTTGCCCCGGCTTCGCGCCTGGCCAACCTCATGCCA	0.199947	chr10	92631824	92631865	+
CACTCCGAGACAGCCGCCCCCGGGACCGCCCTTCCTTGGAG	0.18473	chr8	144635526	144635567	+
TAAGGTCTCGGTGTCCGCTCCGGATTCGCACGTACACTGAG	0.193867	chr22	42315622	42315663	-
CGGTTTTAACAGCTGAGTTTCGGTTTCTCAGAATCAGCAGC	0.143637	chr13	43566400	43566441	+
CCGCCGCCGCGCTTCGGCAGCGGGAACAAAGACCCCGCCGC	0.197958	chr15	74725573	74725614	-
CTCAGCGCGAGGCGCGCAGCCGATCCCCAGGCCGGTGCCAA	0.187814	chr16	49890699	49890740	+
CAGAGGCCCGCGGCGCTCGACGTCAGGGCGCACGTCCCACC	0.176303	chr6	18122918	18122959	-
GCCGGTTGTGGCCTGGACCCCGCTCCCGGGTTAGCCCAGGA	0.175106	chr4	141348929	141348970	+
CCCCCCACCCCTCCAGGCTTCGCTTTTAAAAAAGGTCTCCC	0.134023	chr12	53614147	53614188	-
CACTAGCCGCACTCTAGCTGCGAGACTTCTTGGGGTTGGAG	0.180928	chr1	42846879	42846920	+
TGCTTGTGAGGGGCAGGCGACGCTCCGCACAGCACAGGCTT	0.178902	chr16	19566863	19566904	-
CCGCTTCACTCCTACAAGCCCGGCTCACTAGTTCCAAGCTG	0.152057	chr18	5238587	5238628	+
GCCGCGCGGGGAAGGATTCCCGGGAGGCACTCTGCGCCGCT	0.18601	chr11	6440669	6440710	+
TCGCCACCTTCCCCAGCCGCCGGCCGAACCGCCGCTCCCAC	0.185737	chr2	121103339	121103380	+
AGAGCTCGTGGTCTAAGTAACGAGAGGACTTCTGACTGTAA	0.152912	chr1	218518558	218518599	+
ATAGCGCAGATGCCCGGAACCGCTGCAGCAGCCCGAGCCGG	0.153329	chr3	197183561	197183602	+
CCACACCGGAAGTCAGAAAGCGGAGCCTTTCTTACACCGGA	0.196679	chr22	27068695	27068736	+
AAGAAGCAACTTCCCTCCGCCGCCGCAGACCAGCCGGGCAG	0.147036	chr5	139525636	139525677	+
ATGTTGTGATGGAGAAGCCGCGGCGGAGCCCGAACCCCGCA	0.190466	chr11	6440259	6440300	-
TAAACCGTCTCACCTGTAGCCGACCAAGCCAGCTCAAGTCA	0.187646	chr13	43566527	43566568	-
GCACAGAGCTAAAAATAAAACGAAAAGATCAGTATCTGTCA	0.155914	chr9	132083194	132083235	+
CGCCCGTCCCGGACTCTCCACGAAGCCGTCCCCAGAGAAGG	0.17974	chr8	80803506	80803547	-
AGCGTCACCGTAAGGTATTGCGTGACAATATCCAAGGAATC	0.194996	chr6	26189214	26189255	-
TTCCACCCTTCGGGGGTCGACGTCGAGCCAGCGTCCCCAGT	0.195523	chr12	57943703	57943744	+
CCCGGCAACCCAGGGCTCGGCGTCGCTGCCACCATGACGGG	0.198235	chr2	128432590	128432631	-
CGCACAGCACCTTCTGCAGACGCCATGCTTGTGAGGGGCAG	0.164989	chr16	19566888	19566929	-
AGAGATCCATACCGAGGCAGCGTCGGTGGCTACAAGCCCTC	0.192823	chr11	615499	615540	-
TCTCCTTTCTCTCCTACAACCGCTTTTTAAAAGTCTGTTTC	0.147112	chr19	17007678	17007719	-
CAAGATCCTTGAAGCACTTACGTTTCTGATGCCTGGTGGCA	0.19431	chr9	125133101	125133142	-
CCTGGGCCGTGCTGGCCCTCCGCCCTCGGCCCAGACCCGGA	0.196858	chr10	105212262	105212303	+
GGCTAGCGGAGGCCACCTAGCGTCCAGCTCCCGGCCAGCAG	0.156691	chr11	65405342	65405383	-
GGGTGCCCAAACCCACTCCCCGCGCGCCACCCCCGCGGCAT	0.141406	chr19	36389775	36389816	-
GCTGGAGCCCTGAAACCCGACGTGGACCTTCTGCTCCGAGA	0.125976	chr1	161697260	161697301	+
TACACCGGAAGTCAATGAAGCGGGTCTTTCCTACGCTAAAA	0.101088	chr22	27068727	27068768	+
CTTTTCCTCCTCTGAGCTCCCGCCCTCTCTGCAGACCGTGC	0.188352	chr4	141348995	141349036	+
CACCGGAGCACTCGGGAACACGGCTTCCAGGTGTCCCAGCG	0.167052	chr6	5085383	5085424	+
GCGCCCGGGTGAGTGCCCGCCGGCCGAGCCGCGCACCCCCA	0.184993	chr3	126243264	126243305	+
AGCGCTCTGAGCGCCCGGCCCGGGACCTGCGCTCAAATAGC	0.169121	chr3	50541057	50541098	+
AGGATGGGAAGCCGAGCAGACGGCCCCAGAACAAGCGGTCA	0.198355	chr16	19566997	19567038	+
CGGGCGGGAGGCAGGGGAGGCGCCGAGCCCGGAGTTCACCA	0.182438	chr13	43566241	43566282	+
CTCCGCTCCCCAGCCTTCTCCGCGGCAGCCTCTTCAGCCTG	0.196955	chr2	230931902	230931943	-
TTGCGTCACTCTCCTTTGCTCGGCCCACCTTCGAGGAAAGG	0.19791	chr4	119809905	119809946	-
GAAACGCTCCAGCCCGAAGGCGAAACTTCCGGTTGAGAACT	0.162973	chr3	180397321	180397362	+
TGGGACGGGGGGCGCCCAGACGTGACATTTGTCCCTGTGTT	0.144876	chr22	31687677	31687718	+
TGTGTCTGCCTCTCGCCCAGCGCCGGGAGAAGCAGCAACAA	0.174132	chr22	28197705	28197746	+
CGGCCCGCAGGACACCCCCTCGGAACGCGCGGCCCCCCGGC	0.193916	chr7	130419036	130419077	+
AAGTATTAGGCAAATACCTGCGTGAAATTCCATAAGGCCAG	0.162236	chr19	17007628	17007669	-
TTCCGTCTATGGCTTGGGGTCGGCTTCCGTCCCTTGTAGCA	0.195357	chr19	35264161	35264202	+
TCCGCCCTAGCCGGAAGTCACGGTACCCCTAACAAAGATGG	0.181307	chr19	50316576	50316617	+
TCCAGGTACCACCCGGATTCCGTCAAACTACATTACCCAGA	0.179394	chr19	35264208	35264249	-
GTGGCGCTTCGCACCCTCCTCGATCCCACCCCGTCCGGTTC	0.155649	chr11	615711	615752	+
TTGGGTAGAGCTCCAAATTCCGCCCCCCCAGGGAACTGATT	0.14336	chr19	12476556	12476597	+
CCGGCCGGGCCCGCGCGAGCCGCTTCACTCCTACAAGCCCG	0.148914	chr18	5238568	5238609	+
GCCACCCGCCTGCGCTCCGCCGACGCCCTTGGAACAATCGG	0.16488	chr1	161697220	161697261	+
GCCGAGGGTCCCGACGGCGCCGCTCACCGCTCCGGGACTCA	0.191861	chr1	860944	860985	+
ACCCCTCTTGCTGCCGAAGCCGGCTCCCTGGCCACCTGGTG	0.17141	chr18	33877186	33877227	+
CGCCCGGGCCTCCCACCTTGCGGAAGGGACCCCACCACCAC	0.185675	chr10	43892055	43892096	-
TCGCTAATTGCCGTGGCAGACGCCAGTCGATGGACGCCACA	0.115279	chr22	21368617	21368658	-
CTTAGTTACCAAACAGGAAACGCTCCAGCCCGAAGGCGAAA	0.102241	chr3	180397305	180397346	+
GGGGTGGAGTTTCGCCGGCCCGCGGACAGAGGCTGCCGGAT	0.139904	chr17	45056777	45056818	-
CGCCCCAGAGAACTTCCCCACGTATTCTCCACTGAGGCCCC	0.168165	chr13	43566451	43566492	+
ATGGGAGTCATCTGACCCATCGCCAGATGGTGATTTGCATA	0.1273	chr18	47088353	47088394	-
CCGCGCCCTCCTTCGCCTGGCGCCCCGCCCGCGCTCGCCCA	0.198388	chr11	64512167	64512208	+
CTGGTGCGGGGCTGTCTCGGCGCCCCGTGAATCCGTTTGAC	0.196075	chr21	47402123	47402164	+
TAAGCCCTGCCGCATCGCGACGTTAGAGGTTTCCCAAGTTA	0.192328	chr7	127776104	127776145	+
CGCACCAAGCCTCCTGCGAACGCCGGATCTCCGCGGCCCAC	0.190036	chr17	1957370	1957411	-
AAACTACCCCTGAATGGCCACGATTTCCTGGAGCTTGGCCC	0.122983	chr3	49314349	49314390	+
GCACAGGCCAGAGCAAGTCACGCCGCAAGTAAACAAACGTG	0.175204	chr1	3087714	3087755	-
CCCCTCCTCCGTGCTCTGCGCGCCTCCACCCTAGCGCTTGT	0.185274	chr8	144635409	144635450	+
AACCCAGTGCTGTAGGTTGCCGTAGAAACCGTGGCTCTCCT	0.161109	chr22	21368686	21368727	+
CGGAGCGCGAGGGGCTGGGGCGCTGCGTTACCATGGCAACC	0.199111	chr17	1957216	1957257	-
GGCGTGACCCGGCCCCCGCCCGAGCGGTGTTTTCTGGTGAT	0.177178	chr1	244013707	244013748	-
CGGGAGGAGGCGGGAGGAGGCGCGCTTCCCGGTCCACTCTG	0.190574	chr12	58026456	58026497	-
ATGCAGGTTGCTTAGAGACGCGACTTCCCTACTAGCTGTCA	0.14426	chr19	12595708	12595749	-
CCGGGGCGTTCGGGCTCCTCCGGCTCTGCCCCGATGTCGTT	0.170749	chr11	122753422	122753463	+
CAGTGAGGAGGAAGGGAAGGCGGTTCAGAGATGTTGGAGGA	0.184343	chr2	43451403	43451444	-
GGCGCTGGCTCCCCCCTCGGCGATTTTCGAACTTCTGCTGT	0.147871	chr17	43299160	43299201	-
ACTCTCCGAGAGGCAGCAGACGGGAACCCAGCACCCCGCCG	0.178793	chr1	247171301	247171342	+
AGTGGGGCGCCCCGCCCCCGCGCCGCTCAGTTTTAAACTCG	0.177512	chr1	205399924	205399965	+
GGGGCTGCCGCTTTAGCCTCCGTCCAGCTCTTATCTGGGTG	0.164545	chr12	53614088	53614129	+
ACTTAATCTGCGCTCTAACTCGCAGAATTCTTTTGACCTGT	0.132441	chr9	93955655	93955696	-
CCCACCCACCGCTCCGGCGGCGTCTCCAATTGGACAGTTTG	0.152456	chr19	12606163	12606204	-
TGACCACAGCCCCGGCATCACGTGACCTCCCGCGGCTCTGT	0.177047	chr17	42015536	42015577	+
GGGAGTAAATCTGGCCCTCCCGGTTCAGCACAAAGCTCCCC	0.191599	chr14	105310160	105310201	+
ACAGACGAGACCCAGCCCGGCGGCCAGCGCGGCGCCCAGCA	0.149193	chr19	7982693	7982734	-
ACCCTCCTCGCCCTCCCGCGCGGAAAAACTGGCACATAGAT	0.13029	chr19	36389812	36389853	+
TATGGCTTGGGGTCGGCTTCCGTCCCTTGTAGCACTGCCTT	0.13098	chr19	35264168	35264209	+
ACACGCTTTTATGTCAGCCGCGATCCCACCCCCACAAGCGT	0.150177	chr19	35263947	35263988	-
CCCCGGCCGCCGCGGCCCGGCGCTGACCAGCTCGGTCCGCC	0.172217	chr20	30458041	30458082	-
CCCCGCGCGGCGAGGAAAGACGTCCTCTGTGTCGGACAGCT	0.156403	chr19	7981348	7981389	-
CTAGCCCCAAGGGATTGGAACGGGAAGGAGAAGACATCGGT	0.182703	chr1	145437781	145437822	+
ACTACCCACCCGGGCCGATCCGTCAGTCACTGCCCCAGCCG	0.160684	chr2	74741552	74741593	+
GGCCCCGTGCAGCCCCGCCGCGCACCAAGCCTCCTGCGAAC	0.173993	chr17	1957390	1957431	-
CGGGGCTGGGGGCGGGGGCGCGGGAGGAGCGGCTTACCGTA	0.187231	chr17	27333087	27333128	+
CGGCGCTGGGCGGTGGGGCGCGCTCACTGGCTGCCACCTCA	0.116401	chr2	242549843	242549884	+
AGGGGCCCCTCGGCGCTCCCCGACCCGTCTTGACCCTGTGG	0.14015	chr14	77965370	77965411	+
CAGGACCCCGACACCCCGCCCGACCCTACCCTCAAGCGGGG	0.165501	chr1	227730288	227730329	-
TCTACAGTCTCCACTGGTCCCGGCAGGACGTGCACCCGGTC	0.154101	chr1	107599727	107599768	-
TCCTCAGGCTAGCCGTTATCCGGACCGCTTGCCCCTGGGCT	0.170218	chr6	31783295	31783336	-
CATTGCCTGGGCTTTGAAAGCGCTTTAGGAACGGTAAAGCA	0.194097	chr2	48541244	48541285	-
ATTTGCACCACGGTAAAAGCCGTTAAACTTAGTCCAGCGGG	0.173026	chr17	47840632	47840673	+
GTGGGCGGAGTCTGCGGCTGCGCTGACCAATCGAGTGTGGC	0.136398	chr22	21368582	21368623	+
GCACCCCCCCTTTGGCGAGTCGGCAGCCACGTCCTTGTCCT	0.184683	chr3	49314574	49314615	+
AGACTCTGGGTGTGAGACCACGTCCACTGCTGCCCAGGGAC	0.175292	chr2	131485466	131485507	-
CCAGCCGGCCGCCCCCCACCCGACCCTCTGCAGAGAGAATT	0.184595	chr5	176170458	176170499	-
TTCTTCTGTTTTACAAGCAACGATAATTTCCCGGTGAAAGC	0.142577	chr4	15781075	15781116	-
CCGGCCGGCCGCTCCCTGCGCGCCAGCGTCCTGCGCAACCG	0.17707	chr1	1535135	1535176	-
GCCTCCGAGCTTGTCCTCCCCGTGCGAGGTCACACCCCCCA	0.169797	chr9	124461151	124461192	-
CCGCGCTGCCGCAGCCTGGCCGTGATGTCATCAGCCGAGCC	0.126625	chr6	56819892	56819933	-
CCCCCTCTTGTCCCCCCGTGCGCAGGGCTTCCTCAGCCGCC	0.198667	chr9	124461578	124461619	+
AGCCAGCCGCGCCTTCCCGTCGTAAGGCAGCTCCGACAACT	0.195047	chr7	143042721	143042762	-
CCCCACCGCCCGACCCCGGCCGTATTCCGTTGCGTTTGCTC	0.168598	chr21	46352063	46352104	+
TTGGTGAGGACCAACGGAAACGCCTATTTCCTGGGTTTTCA	0.164754	chr19	57988943	57988984	+
GAGCGGAGCCTGCCGTCCTCCGCCTGCCTGCTGCTCGCCTC	0.168709	chr7	90225757	90225798	+
GGCGGGGTCCAAGGCGCGCACGAAGTCCTGCAGCGGCACCG	0.185852	chr1	28199089	28199130	-
GCCAGCAGCTCTTCAGGTCTCGGGATTCCAGGCCCCGCACA	0.182267	chr19	12606377	12606418	-
CTGAGAGGATAAACTGCACGCGCCACGGGCTATGCACTGGG	0.163345	chr22	21368744	21368785	+
GAGGGGGCTCCCAGGAAGAACGTACATCGCCCAGGTTTTAC	0.174125	chr10	8087274	8087315	+
GACCAATCAGAGCCCAGAGACGGGAATAAATTATGCAAATC	0.183075	chr18	47088322	47088363	+
CGAAAAAGGTAGTGGACTGTCGCAGCAGCTCCTCAGGCTAG	0.165014	chr6	31783324	31783365	-
TTCCGTCGGGCTCCCAGTGACGCCGCAGAGGTACAGACGCT	0.171377	chr22	45809599	45809640	-
GCCTCAAGGGCTCCATCAAGCGCACCAAGAGCCAGCCCAAG	0.135836	chr9	124461619	124461660	+
ACGGAAGCGGAAGCGGCCCTCGCGCACACTAGTCGTCTGGC	0.182858	chr6	42946942	42946983	-
GCTACGGGAACGCCCCTCTGCGCCTTCCGTCTATGGCTTGG	0.137525	chr19	35264137	35264178	+
CCATTTCCGCCCCCCCCCCACGCGCCCCCCCATCACACGCA	0.197592	chr17	77776693	77776734	+
CGGAAGGACCGAGCTCTTCTCGCGGATCCAGTGTTCCGTTT	0.152759	chr6	31783445	31783486	+
GGAGGAGGGGTCGGGGAGGCCGGCTTTATAAAGGCGGCTGG	0.173507	chr20	44540807	44540848	-
GACCCCGCCGGCCTCGACCTCGACACCCCGCGACCCCGCCG	0.147224	chr4	789118	789159	+
CGCAGAGGTACAGACGCTCCCGCTCTCTCGGAAATGTCAAC	0.180645	chr22	45809576	45809617	-
TCTTCCCTCTAGACTCGGAACGCGTTATTGACAGACAGGAA	0.116411	chr10	6242726	6242767	+
ACCCTAAGGGTTAAGATCAACGAGAGTGGGCCATCACTGTT	0.17416	chr8	125985447	125985488	+
CAGCCGTCCACCTTCTCAGGCGTTTCGTAACCGAGTAAACT	0.190448	chr6	75915820	75915861	-
GGCCCCCATCTCCGTGTCCCCGCCCCCCGCCCAACCCGAGG	0.138499	chr17	36728838	36728879	+
CAGCAGCTCCTCAGGCTAGCCGTTATCCGGACCGCTTGCCC	0.156977	chr6	31783302	31783343	-
CCGAGCTCTTGTCGCCCGCCCGAGCCTTTGCCAGGGGATGA	0.132277	chr7	87563474	87563515	+
CCCCGCCCCAGGCTCTGCTCCGGGCTCCCCATTGGTCCTCA	0.162881	chr2	208030946	208030987	-
GCCCGGGAGAGAAGAAGACGCGCTCGGGGAAAACGCTCCAT	0.131129	chr17	54670349	54670390	+
CCGTGTTTCCCCCTAAAGCCCGCTTGGCCCTCCCAGTTCCG	0.180741	chr6	33181391	33181432	+
GCGCTTCCGGGACTGAGAGCCGAGAGCTCCAGTGATTTCCC	0.183681	chr4	41363685	41363726	-
CCTGGGCTTCACCGACTCCACGTCAGAGGGTCTGTGATTCC	0.137293	chr2	32852739	32852780	+
CGCGCTGCCCTTTAGGCCTCCGGGAAAAGTGACCCGACCAC	0.142221	chr19	7981210	7981251	-
GCGCTGCTATCTCCCTGCAGCGCTGGCTCCAAGCGCTCTGA	0.154912	chr3	50541026	50541067	+
GACCGGCGGGCCTCGCCCCACGGTTACGCCCGCCCCAGCCA	0.161068	chr10	135050122	135050163	-
GCCTGCGCGGCAGGAAGAGGCGGCCACCGCGGAACCACGCA	0.189247	chr1	860905	860946	-
CCCACCCGCCACCCGCCACCCGCCACCCCCGGCGCCTGCCA	0.192119	chr6	34433680	34433721	+
CCCGCCCCGCCGCTGCCTCCCGCCCCACCGCGGCTCCCAGG	0.196244	chr3	49314518	49314559	+
GCCTGCTCGTCGGCCTCGTGCGCCAACAACGCCTTCGCCTT	0.15136	chr2	43451848	43451889	-
TGCAAGGAGGTCCCCGGCCTCGGCCACAGACGGTTCCAACC	0.182764	chr19	19843686	19843727	+
GACCGCGACAGCTACCTAAGCGGCTCCCTGAGCTCCGGCAG	0.172129	chr2	43451539	43451580	-
CGCGTGAGATTTCTCTGCGCCGTCGGAATAGACTGTTCACG	0.176621	chr10	35105078	35105119	-
TTCTCGCGGATCCAGTGTTCCGTTTCCAGCCCCCAATCTCA	0.148922	chr6	31783461	31783502	+
CACGGGGAAGTCAGCGTCACCGTCTGCCTAGGGCTTATCTC	0.174789	chr12	28128268	28128309	-
CCCTCACCCGTGGACCTGGACGGGCCGGGTGGTCAGGCCAC	0.19964	chr20	61447803	61447844	-
GGCCGCGTCTGCCGCCCCGGCGCCCGCCCGGGTCCCAGGCC	0.194113	chr5	139047984	139048025	+
TGCTCTGAGGGGGTTAGCTGCGCCTCGGATTGATCTGCGTC	0.167343	chr6	42947030	42947071	+
GTCAAGACACCTCCTGTTGCCGCCTCCTCGCCCAACACACA	0.193094	chr17	41363986	41364027	+
CCCCCGGGGCCCCTAGCACGCGGGCGCGCGCCTCAGCCGGC	0.158179	chr12	298358	298399	-
CCTGCGCTGCGCTCCCGGTTCGGCGCTGCCACCCCCAGCCC	0.198855	chr16	66304418	66304459	-
CGAGGAACCCAGCGGGCGACCGCTAAGCACACTAGGTTCTC	0.172287	chr17	45056606	45056647	-
ACTCCCCGCTCTCTCCGCAGCGTCACTCCCATGTCCTCCAG	0.183243	chr11	119227611	119227652	-
TCTACCCTGCCTCAGTGTCTCGGCCAGGGCATTCCCAGCGC	0.169851	chr22	44319646	44319687	-
CACACTTGCTGTGCACGCACCGCCCTCCCCCAAACACTTTG	0.187003	chr22	39745722	39745763	+
CGTCCTGGCTTACGTGCAGGCGTCCCCCGTGAGGACCCTGA	0.194582	chr17	79988626	79988667	+
AAGTAGACCTCCTTCACCGCCGGAGGAGCATACATCACCCC	0.188874	chr6	75915865	75915906	-
AGTGACATGCGGGCTTGAGACGTTCTAAAGGAACGTGGACC	0.147112	chr10	35105189	35105230	+
GAGGCCCAGGAGCCGTTACCCGGTTTCATTTTCAGCCAAAA	0.179535	chr6	29760613	29760654	+
GGCCCCGGCGCCGCCGCCCACGCCGTCCACCTCCTCCAAGC	0.155215	chr17	45056304	45056345	+
GAGGAGGAGGAGAGGTAACCCGAGATGGACCAGCTCCGAGG	0.105363	chr3	9993798	9993839	-
CCGCCTGGCGCCTCCCAACCCGTGCGCCCCTGGCTGCCCTG	0.190641	chr5	135364536	135364577	-
GGAGGAGCCCGGCTCGGTCGCGGAGCGCACGCATCGTCTCG	0.162639	chr14	77965102	77965143	+
TTTCCGGCGTCCGGAAGGACCGAGCTCTTCTCGCGGATCCA	0.155918	chr6	31783434	31783475	+
TCTGCGCCCTGTTGACTGTTCGAGGAAACTGGCTTCCAAGT	0.140686	chr19	37663669	37663710	-
GGCCTGGCGTCTTCACCCCGCGCAGTCGGCCTCGCCTAGCC	0.188577	chr5	37249385	37249426	-
CCAGTTCCCGCGGTCAGCCCCGCCCACCGAGCCCTGGCCCG	0.17764	chr6	29975048	29975089	-
CCCAGGAGCGCCGGCAGCAGCGTGCTCACGTGCCGCACCTG	0.171733	chr8	144651746	144651787	+
GGGCGGGGGCGCGGGAGGAGCGGCTTACCGTAAAGTCTCAT	0.19041	chr17	27333096	27333137	+
GCGGCTGGAACAACCCTGCCCGCCAGACCCCGTCGCCCGGA	0.127867	chr20	44540774	44540815	-
AATAGAACGTCAATTTTCCTCGCTCTTAGCAATTTTAAGAT	0.13087	chr5	37248964	37249005	-
ACAATAGAAGCCCTTGGTAACGGGGCTCTGAAAACGGGTTT	0.176073	chr19	12146594	12146635	+
GCAGCCGCTGCCCCAGCCGCCGCCCCAGCCGCCTGCTGCGA	0.15845	chr4	119810016	119810057	-
GGCGGGTCTCCCCGGTCCTCCGCCCCTCCAGCCCTGCTCTC	0.193434	chr5	37249546	37249587	+
GCCCGCCAGACCCCGTCGCCCGGATCCCCTGAGCTGCCCGC	0.122363	chr20	44540757	44540798	-
GCGGATATTTGTCTGTGATACGATTGTAATTTGGGTCCCTT	0.184367	chr17	41791262	41791303	-
CCCCTTCCTCTCTGGCTGCACGCCTGATTGGACAGTTCTCA	0.193967	chr1	247171382	247171423	+
CCCCCCAATCGCACGGCGCCCGCAGCTCCCCAGCCCTACCC	0.196034	chr8	11059045	11059086	+
GACCTAGGGCCGGCTCCGACCGGTCCTACCTGAGCAGTTGA	0.163145	chr9	103236010	103236051	-
GCGAGGGAGGTCTATTTGCTCGTTTCCTCGGATTGCTTAAA	0.160356	chr4	15781182	15781223	-
TCCGCACTGCGCAGGCCCAGCGTGGCGCCGCTCACATCTTT	0.148099	chr19	19843913	19843954	+
CCAGGGGATGAGGTGGGAGGCGCTAGAAACCACTTAGCTAC	0.152326	chr7	87563504	87563545	+
CACCTTCAGAATCTCGAAGTCGTCCCTCTGCAGTCGGACCT	0.166938	chr19	46283059	46283100	+
TCACCTCAGGTCTGACATTGCGTTCTGGAAACTAAACCAGT	0.142039	chr19	57988839	57988880	+
CCACTGTACCACCCCCCTCCCGCCCGGGTGTCATTCCTCAC	0.164228	chr4	13546652	13546693	+
TGAGGAAGGGGACCCCAAAACGTCTGGCACTGCCCCCTCCA	0.120802	chr8	11059257	11059298	-
ACTCCACCCTACCTACCCTTCGCGTAGTACTTGTTATACTT	0.15693	chr5	43397212	43397253	-
AGCCGAGTCTGGAGTGGTTGCGAACCCTTCTGGCTGCAGAT	0.185235	chr12	133758166	133758207	+
CCCTCGCCCCGGGACGCCCCCGCTCCGCACCCTGCAGGCCC	0.152825	chr12	54145454	54145495	-
CTGGACCGCCTCCTGGCATCCGAGATGCACCAACTGGGCCG	0.149555	chr7	87563231	87563272	-
AGTGCGGGGCGGGCGAGGGACGCCAGGGCCGCGTCACCCCA	0.153495	chr1	21835671	21835712	+
TCTCTGGCCCCGGCTCCTCGCGTGGGCGCCCGCACAGCTCT	0.140803	chr14	77965292	77965333	+
GGCGGAGCCCCCTGAGCCCACGAAGGAGCCCCCGCCCCGAC	0.189396	chr6	43211471	43211512	-
TGGGGGAGCTGGGGCTTCTCCGCCTCTGGCAGCGCCACCAG	0.138172	chr18	77160738	77160779	-
GAACAGCAGGGACCGAGGGCCGCTCCCAAGAAGTGACAAGG	0.195378	chr15	75250977	75251018	-
AAAGGGGCGGCAACCCCAAACGGGCCAGGCATCAAAATGAG	0.195037	chr2	227665779	227665820	-
CGCCCGCGGCTCACTCTCCACGGTGAGTTTGGCCTGTGTCT	0.192058	chr1	228463700	228463741	-
CGGCGTCTCCCCCACCCCCGCGATCACATGGTGACCCCCGG	0.127614	chr4	2060913	2060954	+
CAGAAACTCAGCCGCCCCTACGTTTGCTAAACTGCGTCCGC	0.154429	chr20	44642550	44642591	-
TCCTGACTCCCTGATCCCCGCGCTCTCCAGCTCTGCCCTCG	0.196328	chr17	18057058	18057099	+
CTCCCGGGAGGCCGCCCGTGCGCCGGCCAGGTCCCCGGCTT	0.152712	chr3	169530248	169530289	-
CGCAGTCCCCATCCCCGCCCCGGGCAGCGCCACCACTTCCT	0.12296	chr17	30592636	30592677	+
CCGCGATGCAGTTACCTACACGGAGCACGCCAAACGCAAGA	0.158801	chr6	27841047	27841088	-
AGTTTGCGGGAAGGAGGGGGCGGGCCAAGCCCCGCAGCCCC	0.181544	chr18	13218574	13218615	+
CTTTCTCCTCATTAACTCCCCGGCCTCATTAATCAGCCCCG	0.182588	chr11	124713134	124713175	-
CGGGACCTTCTGCGCCCGGGCGTTCGACCCCGTTGGTCCGC	0.161759	chr11	47208939	47208980	-
TCCTGCGCTGACTGCGCTGCCGCCGCAGGGAGACACTGTAC	0.176225	chr19	11529375	11529416	+
GCTGGCTGGTTTGTTTACACCGGTCTGAGACACAATTAGGA	0.12376	chr2	43450944	43450985	+
TGAAAACCCTGCACAATTCACGTTAGGGTTGGCCAATTGTT	0.18174	chr2	208031974	208032015	+
GAAAGAAAAAAAAAAAAATCCGAAGTGAAATTATGACACAG	0.154394	chr9	93955997	93956038	+
AGAGACCTGTGCGAGGAAACCGAGCCGGAGCCAGCAGATCC	0.176544	chr18	47087088	47087129	-
CCTCAACCACACTCCGTCCACGGACTCTCCGTTATTTTAGG	0.166606	chr16	30075526	30075567	+
ACGGCAGCTTCCTGCGGCGTCGCAAGCGCTTCAAGCGGCAG	0.195667	chr1	47904444	47904485	+
CTCCACCCTCCTCCCGGCAGCGCGCCTGACTGGCAGTTCCC	0.185147	chr19	12476493	12476534	+
CTCCGCCGCCGCCCCCCCCGCGGAAGCCCAGGTGCTCCCGG	0.160857	chr15	45479956	45479997	+
CACATAGAGGGCGCCAGTGACGCCCACACACGTGCTGGTGT	0.160661	chr2	201450589	201450630	+
ATGCTTCGCAAGGACTCGTGCGCCTGCCCCAACCCGTGCGC	0.172682	chr7	150748263	150748304	+
GCCCTCCCCTCGCCGGGGGCCGCGAGTTGCATTTGGTAAAA	0.168298	chr12	104850695	104850736	+
GGCCAGGTCGGGACGCCCCTCGGCGCAGCCCCAAATCCTGC	0.188834	chr21	38353093	38353134	+
GCCGGGCTATTTCAGCCTGGCGCTGTGCAAACAGGACAATT	0.179651	chr17	41791209	41791250	+
GTAGCTTCCGTTCTTGGACTCGAAGATTCCCTTAATGGGTT	0.195056	chr11	58668325	58668366	-
CCAGGAGTCGCCGCGGACGCCGCGAGCCCTGCCAGGGAATG	0.102482	chr3	32443259	32443300	-
GCCCCTCCTGCTCCACCCACCGCGCCCGCGTCTTCATCCTC	0.122103	chr6	29974703	29974744	-
CGGCGCGGAACAATGGCGGCCGCTACGTATGTCGCACAGGA	0.175482	chr12	133758069	133758110	-
GGGGCCGGGGCGGGGGCGCTCGCAGCCCCAGCTGTTTGTTT	0.175846	chr14	69726918	69726959	-
CATCTCCCTGAGGAGGAGAACGGTGATGTCCCTGTCGCAGC	0.166221	chr16	30206026	30206067	-
CTCGCTGTCGCCTCCGCCCGCGCCACCGTTCCTAGGCTCTC	0.183565	chr19	48774620	48774661	-
TCCGCCCGCCTTCCCGGCGGCGCCCCTGATTGGACATTGCA	0.106956	chr19	12595640	12595681	+
AGGAGGAAAGCTGTGAGCTGCGACGCTGAGGAAGGGGACCC	0.190102	chr8	11059283	11059324	-
GCCCCGCTCGCCCTCTCCCGCGCCCGCCTGGCGTGCGCTTC	0.117616	chr15	65067360	65067401	+
CCGCGCCAGCAGGGCCATGGCGCTCGTCTGCATCGGCTTGT	0.171755	chr2	127977828	127977869	+
TGATGCTGGGAGTAAACTAACGTTTGAGAGTCACAAACATG	0.190742	chr17	46124800	46124841	+
TCATCGCCCGTCGTGGTCAACGGGCCAGCCGAGTCTGGAGT	0.153296	chr12	133758140	133758181	+
GACCGAGAGTGCGGGGCGGGCGAGGGACGCCAGGGCCGCGT	0.150858	chr1	21835664	21835705	+
CAGGGAGGGTGTGGGCCCCCCGCACCCCGAGCTGCGCCCGC	0.157215	chr20	3063483	3063524	-
ACTCGGCTAACAGAGCCCGGCGCTGCCGATCGCGAGCCCGC	0.141519	chr3	9994084	9994125	+
TGCCCGAGCCCCGCGCCCTCCGGCCGCGCCTGCGTCTTCAC	0.147104	chr2	27938351	27938392	-
CCCACGCCCTCCCCCACGGACGGTCACAGCCACTCACTTGG	0.189307	chr11	65640116	65640157	+
CTGTGCGCCTGGATTGGCCCCGCGGCCAGCCCGACCCTCCC	0.174754	chr5	131593241	131593282	-
ATTGACAGTTGGCAGGGCCCCGTCCCAGGGCCCCTGATTGG	0.16984	chr19	11909306	11909347	-
CCCGGAGCGCAGGAGGACCCCGGCCCGCCTCTCCCAGGCGC	0.129438	chr11	46354609	46354650	+
GGGGTCGTCTTCATCTTCGCCGGATGATTTCCGCCCACATA	0.158992	chr2	201450554	201450595	+
GTGCGGCCGCCTTCCGCCCGCGGCTCCTGCGGCCTTTCGGG	0.169418	chr11	46354783	46354824	-
GAGCCGCTGCAGCCGCTGCACGCTGCACACACACGGCACAG	0.163413	chr8	48100165	48100206	+
GGGGGGAAGAGAAGCGATCGCGAGAGAAAAAAATGCAACCT	0.129511	chr2	208030706	208030747	-
TCCCTCCCGGATTTGCGCCCCGAACCTGGCGCCCTGAAGCT	0.17161	chr1	29448405	29448446	-
GCCCCGGCCGCCGCGTGCGCCGCTCTGAGCTGCAGTGGCCG	0.136895	chr18	10454661	10454702	-
TCGCCCGCCGAAGATGGCCCCGCTGCGACTGCTGCGGCCGC	0.10036	chr5	175792478	175792519	-
ACCCCACCCACCCACAGCCCCGAGCCTCAGTGTGCACAAGG	0.196203	chr20	13201530	13201571	+
CTAGAGGTCTAGACCCCCTCCGCGACCCCCCGGGAACCTGC	0.183075	chr11	64066748	64066789	-
CCCGCGGCTGCGGCGCGGGCCGAGTCTCCAAGTTACCAAGT	0.14034	chr19	47746458	47746499	-
GACCCGATCCAGATGCTGCCCGTGCCCTGGGGCACTCTCCA	0.172397	chr1	26686682	26686723	+
TGCTCCACCCACCGCGCCCGCGTCTTCATCCTCAGACTCAC	0.178454	chr6	29974695	29974736	-
CCGCGCCCGGCCCCTTCGCTCGCTCTTACCCGGTGAGGTCC	0.146423	chr16	31453927	31453968	+
CGCCCAATGCAGCACTCGCTCGCTCCCCCCGCCAGCGGAAG	0.114655	chr7	87563552	87563593	+
GAACCTGTGCGCTGTGTCTGCGCCCTGTTGACTGTTCGAGG	0.124711	chr19	37663685	37663726	-
CGCTGCTCCCACCGCTCCAGCGCCCAGACTGTAGCGGCTCC	0.140975	chr16	25078233	25078274	-
CGGGGGGCGAGTGCACCGGGCGCTCGCTCCCTGCCGAGCTC	0.175724	chr7	87563441	87563482	+
CACCCACCCAGACCCAGTCCCGCACTACAAGCCCCACAATG	0.125485	chr5	175792434	175792475	-
TGAGCCCGGCCTGGCTAGCCCGCCACCCCGCCCGCTGTTAC	0.19906	chr15	99645067	99645108	+
AGCTCCGTTGGGGCGGCCGCCGCCACTGCCTTGCCCTCGGC	0.166797	chr12	104609589	104609630	-
CAGACGGCAGCGCCGCACACCGGCTTCACCGAATACTTCAG	0.139894	chr19	42828600	42828641	+
GAAGGAGGGAGGGAGCCAGCCGCTGCAGCCACCACCGCCAC	0.17669	chr5	146833151	146833192	-
CAAAGGTGAGGTAAGGAATGCGACCCCCTCAGTGTCTGGAG	0.167854	chr19	11998603	11998644	-
CGGTGCGGGACGGCCCAGGCCGCCAGGACCCCCAAGCGCAG	0.19018	chr21	46352796	46352837	+
CCCCGCGACTCCGGTCCGGACGCCGAGGGCCTCGGCCTGCC	0.194998	chr22	21319282	21319323	+
TGCCGGACAGCGCCACATTACGGAACCTGTGCGCTGTGTCT	0.136509	chr19	37663707	37663748	-
TAGTGACTCCCTTCCTCTCCCGCCCCTCAGCAGCTCTGGGT	0.147019	chr1	114302581	114302622	+
GGAAGGGGGGGGAAGAGAAGCGATCGCGAGAGAAAAAAATG	0.1591	chr2	208030712	208030753	-
AAGCGCGCGCAGCCCAGGAGCGTCTCGGAGCTGCACCAGGA	0.159014	chr19	48774994	48775035	-
GCGGCCCAGGTTGCTGCCCACGTTACCTTGGTCAGACAATT	0.123745	chr10	94833576	94833617	-
CTGACGTTGGTGAGGACCAACGGAAACGCCTATTTCCTGGG	0.10829	chr19	57988937	57988978	+
CGGGAGGCTGACCGTCCCCCCGGGACCAGGCAGGGACCCTC	0.188636	chr2	233498078	233498119	-
GACCGGGAAAGGTGGACCCCCGCAGTGCTTCACAGCACCTG	0.192792	chr14	21994624	21994665	-
CGTTCACGCGTCTCACTCCACGCTGAGTCCCCGTCCGCTCA	0.132215	chr3	126075365	126075406	-
CCTCGAGGGTGAGGTCCCGGCGCTCCCCGGCGTCCACCAGC	0.187907	chr1	29586560	29586601	-
AGGAGGGCTTCAGCTGCGGCCGGGAGTTACCTCCACGCTTG	0.197305	chr20	13201824	13201865	-
CGCCGAAGATGGCCCCGCTGCGACTGCTGCGGCCGCGCCCA	0.106692	chr5	175792473	175792514	-
CAGCCCCCCCGTCCTTGGTTCGCGGTTTCTCTAGCCGCCTG	0.179057	chr14	24834986	24835027	-
CTCCCTGAGACCTGGGAGCACGTGCACTGGCTTTGAAGACT	0.129491	chr6	44187089	44187130	-
GGCGCGGCCATGTTCTCTGCCGGACAGCGCCACATTACGGA	0.116601	chr19	37663724	37663765	-
TCCTCCCGAGAGGTGGGAGGCGCCCTGGCCTTGATTCATCG	0.185447	chr7	64712875	64712916	+
CCCGCTCCCTCCGGCGGCGGCGGCCTTCCGACCCGGATCAT	0.183589	chr6	43211291	43211332	-
CTGGGCCTGCGCAGTGCGGACGTCGCCATTCCTGGCCCATG	0.196871	chr19	19843892	19843933	-
CCGCTGGGAGCTGCCACAGCCGGGAGCCGCCACCGCCAGAA	0.110408	chr8	48100408	48100449	+
TGCAGACGCGCCAATAAAAACGCACAGCCGGGCGAGAAGTC	0.162724	chr1	228566539	228566580	+
GCGAGGGTCTGCGGGGAGCGCGCGTCCAACGGTCAGCGCCC	0.172709	chr22	25960692	25960733	-
ATTCAGAAGGGCCTGCGAGACGCAGAACAGCTCAAAATATC	0.155703	chr19	44455434	44455475	-
TCCCGGGCGGGGGAGGGGCCCGGCCGCAGAGCGAACCAGCC	0.162427	chr5	131347535	131347576	+
GCTCGGCCGCCGCCCGCGCACGCTGGCCTTCTTTGTTACTA	0.134825	chr3	32443186	32443227	+
GGGGAGGGACCCCGACCCCCCGCTTCTCCGCCCCCGGCCAG	0.190646	chr11	65640354	65640395	+
CCTCCGCCCCCTCCTGCCCGCGGGGACCCGGCCAATCCGGG	0.153318	chr17	30593432	30593473	-
ACACCCCACCCGCCGCGCCGCGCGGAGCCGTCCTCTAGCCC	0.180331	chr19	10400627	10400668	+
CCTGGCCCATGGGAAGATTGCGTTTCACCTGCTCCTGAAGG	0.112476	chr19	19843862	19843903	-
CGGTCTCGGCCCGCGCTCCCCGCTGGATCCGGGAATTGCTG	0.11161	chr1	27960768	27960809	-
CAGACGCTTCCTCCTGGAGGCGCCTTTAGGTTCTCTCACAG	0.130207	chr12	133533059	133533100	-
GTGGTTTGGGGTGTTAGGAGCGATTGCTGACAGGGACCACG	0.123961	chr2	208029816	208029857	-
AGAAAGCGTTTTCACTTGTACGGACACCTAAGTGTTAAGAT	0.193164	chr19	52430313	52430354	+
GTCCCTGCAGCCGATCGCCGCGCCGCATCCTCCGAGATGCT	0.102541	chr3	9994040	9994081	+
CGCGCTTTGCCCCGTACCTCCGCCTTCAAGCTGTGTGGACC	0.183288	chr18	3012528	3012569	-
GCGTACGGAGCGGGCAAAGCCGGGGGCGCCTTCGACCCCTA	0.117976	chr22	39746027	39746068	+
GGGCGGGTACGCGCAGGACGCGCCAGCAGCTGCCTCGTGGT	0.198393	chr10	12390887	12390928	-
GCCTGGCTAGCCCGCCACCCCGCCCGCTGTTACCCGACTGC	0.15914	chr15	99645075	99645116	+
GGCTACCAGCCGCTGCGCTCCGCTCTGGGGTCTCCTCACCC	0.104572	chr19	12595572	12595613	-
GGGTGCCCAAAGGCGCCGGCCGCCAGTCCCAGGCCCGAAGG	0.183418	chr6	44187205	44187246	+
GAGGATCCCAGCCGCCGAGTCGCAGCCTCGTCGCTGTCTGC	0.124166	chr6	56819603	56819644	-
CCTAGCGGCAGGCGCAGCCACGCCCTCCCGCTGCGCTCAGA	0.19176	chr1	92950237	92950278	-
AGGGGATTCCCTGTGTGGGCCGGTGTATTTATTTAAATTCC	0.150685	chr3	32443010	32443051	+
CCATTTCTCACCGGTACCTGCGGTCCTGACTGTTCTGGCTT	0.119042	chr19	38210523	38210564	-
ACCGACCTGTGGCTGGCCCTCGACTACTACCGCAAGGGGGA	0.145905	chr8	11058375	11058416	-
AGCCCCGGCCGGTGCTGCGGCGGCCGTGGCGCTGCAACCTC	0.165523	chr7	87563629	87563670	-
AGCGCGCGTCCAACGGTCAGCGCCCCTCAGTGCACAGTCCC	0.168022	chr22	25960676	25960717	-
GGGGATGGAGGCCAACAACACGCACACACAAACAAAGGGTC	0.129716	chr11	61583776	61583817	-
CGCTGCGCAAACGGCGAGGGCGTGGCTACCAGCCGCTGCGC	0.14757	chr19	12595595	12595636	-
GCTCAAGGGGGAGGGCGCGGCGCGCACTCGCAACCGAGCCT	0.195366	chr5	131347418	131347459	+
TTTCAAAATGGCGGCCCACGCGAATAAACACCATAAGGGCG	0.162334	chr19	37663761	37663802	-
TTCGGATGCCCAGCCGCGGCCGCCTTCCCCAGTAGACCCGG	0.157611	chr17	54671322	54671363	+
GTTACCCTCATCTCCCCCGGCGGCTTTGCTGGGGCCGTTCT	0.147188	chr8	125985492	125985533	-
TCGGGACCACCCCGCCCTCCCGCTGCGGCCGCCGCAGCCCC	0.182737	chr2	10861401	10861442	-
TCCGGGCCAAGTTCTCCCTCCGCTCGCTGCTTTCTGCCGCA	0.173852	chr18	47087398	47087439	+
GTTAGTCCAAGTCACGTGATCGTCGACTCAGCTGACCTGGC	0.189227	chr15	74392592	74392633	-
GGACCTGCCCGGAACGGCGGCGCGACGGCGCTCAGGTCCCC	0.18355	chr1	1182205	1182246	+
GCCCCTGGCTCCTCCCCCCGCGAGGCGCTGCCCAAAATCTT	0.172865	chr10	94833500	94833541	-
GGCGCCCTCTGCAGGTCCCGCGGCTCCCGGCCCGCTCAGCG	0.17317	chr3	128564897	128564938	+
GAGAGGCTGCGAGGAGGACGCGGCTCGTTTAGCTCGCTGCG	0.122762	chr1	244893550	244893591	+
TACTACGCCGGGACCCTCCTCGGCCTCAGGCTCCCAGGCAC	0.178785	chr2	227665819	227665860	+
CCATGTTCTCTGCCGGACAGCGCCACATTACGGAACCTGTG	0.131629	chr19	37663717	37663758	-
TAGCCTCTTTAACGCACAGTCGAGCAACAGGCCCCTTGCAA	0.139096	chr2	208031746	208031787	-
GAATGGCGACGTCCGCACTGCGCAGGCCCAGCGTGGCGCCG	0.120598	chr19	19843902	19843943	+
CGCACCCGGCCCCTTCCCCTCGGTCCCCAACGCATGCCCTC	0.186705	chr19	46181254	46181295	-
GTGCAGGGGAGACAGAGTTACGCACTCCGAGCCAAACACCG	0.148561	chr11	61583936	61583977	-
CCCCTCCGCTCCCCCGCAGGCGGCGCTGCTTCCTGGGAACC	0.138592	chr1	6508933	6508974	+
TTCATCCTGGATACTCACGACGCGGACCCAGTTCTCACTCC	0.187094	chr6	29910185	29910226	+
CTCCGCGCCGGGGCTCTCCGCGCCCTTTCCGCACGGGCCAG	0.171919	chr11	57194541	57194582	+
AGACTAGCCCCGCCCACCAACGAGTCCCGGCTTCGAGTAGT	0.108682	chr17	7826271	7826312	-
AGCCAAGTGGAAAGAGACTCCGCGCCGCGGGCTACTTAATA	0.199775	chr6	75915759	75915800	+
CCGTCCCCGCGGGGCGACCTCGGCCCCCGGTCCTGGAGCCC	0.178825	chr19	19843540	19843581	-
CTCTGCCCCTCCCCCTGGGTCGCCTCCCTGAGACCTGGGAG	0.152793	chr6	44187112	44187153	-
GCCCCAGGAAAAGGAAGAGCCGCGTCACTGCCCTTGCTGAT	0.119027	chr3	32443476	32443517	-
ATTGCATTAGGAGCGAACAGCGCTGCAGAAATAGATGGCAG	0.123318	chr2	208030646	208030687	-
TCATTTGTGTTGAGTAGGTACGTCTACTTAGCCATGGCACG	0.184075	chr6	27840085	27840126	-
CCATTTCCAGGAGCCGCCACCGCTGGGAGCTGCCACAGCCG	0.161349	chr8	48100389	48100430	+
GCGCGGGACACAACCCACCGCGGCTCATCACCCACTTACAA	0.159835	chr6	137243228	137243269	+
GGGCTACCTCCTCCGTCGTCCGCTCCCGGGCCAGCCGCAGC	0.193718	chr1	156646725	156646766	+
GCCACATTACGGAACCTGTGCGCTGTGTCTGCGCCCTGTTG	0.140851	chr19	37663696	37663737	-
TTGAAGCAGGATTTGGTTCACGCTAGAACTTCTGAGAGTCA	0.18389	chr17	41081357	41081398	-
GCGGCTGCAGACCCCATCCGCGAGATGGCAGTGTTAGGAAC	0.164634	chr4	144480216	144480257	+
AGCGCAGGAGGACCCCGGCCCGCCTCTCCCAGGCGCAGCGC	0.186426	chr11	46354614	46354655	+
GGGTGGAAGGAAGGAAGATCCGGGCCTCTCTCGGCACATGC	0.188901	chr18	56936862	56936903	-
GAGAGGCCCTAAGGCGACGACGTGTCCCTCCCGGTACCCCC	0.174898	chr3	50243001	50243042	-
GCTGAGCAAGGTTTTGTGCACGCAAAGCATCCCGTTCAGTG	0.176747	chr6	75915230	75915271	-
GGTTCTCCTGGGAACCCCATCGGCCCCCTGCCAGCACACAC	0.161626	chr17	38465489	38465530	+
GAGGGGGTGGTGGGTGCCGGCGCTGCTGGATTTCAGCTGTG	0.155064	chr7	108096396	108096437	+
CCTCCAGCAGCCCAACCCGACGACGAAGAGGATGAGGAAGA	0.126553	chr6	30647014	30647055	-
CTCCGTCTGGGCCTTGGAGACGAGGGACACCATTTCCACGC	0.163054	chr19	57989097	57989138	-
TCTGTCCTCCGTGTCTCTCTCGTTCCGCCTCGATTCCCCGA	0.170225	chr7	108096020	108096061	+
TTCAAACCCCACGGCGCTGCCGCTTTATAGGCGGCCCAGGT	0.184389	chr10	94833606	94833647	-
ACAGGGTAAGCCCTGGGTAACGGAGCCCTGCAGAGCCCGGC	0.135088	chr19	11909230	11909271	-
ACTCGCGCCAGCTCCCGGGACGGCTGGGCTCGGGCTGGTCG	0.148353	chr2	208031150	208031191	+
GCCGCCGCCCACCGCGCACCCGGGCTGCAGCCCTCACTCTG	0.172651	chr14	105830586	105830627	-
ACGTGTGTGGGCGTCACTGGCGCCCTCTATGTGGGCGGAAA	0.18295	chr2	201450581	201450622	-
GCCCAGAACCCAGCCACAGCCGGAGGTCCCAATGTGGCTGC	0.154965	chr5	177371681	177371722	+
CGGGCGGGGGATGGTGGCCGCGTTTGCACCCCCGCCCTAGT	0.198247	chr19	56159689	56159730	+
ACGCCGCACGCCTTGGAAGGCGTCCCTTGGAGGTGGAAAAC	0.141397	chr10	94832086	94832127	-
CGCTGATGTTGTACACCTTACGGTCGATCACTAGCCACCGC	0.128522	chr11	61584091	61584132	+
AGCCACGCCCTCGCCGTTTGCGCAGCGCCCCTCCGCCCGCC	0.165974	chr19	12595609	12595650	+
CGGCGCTGCCGCTTTATAGGCGGCCCAGGTTGCTGCCCACG	0.108729	chr10	94833595	94833636	-
GTCCTGGGGAGATCCCATCTCGGTCTGTGGGGTTTGTGCGT	0.117799	chr19	19843436	19843477	-
GCGGCGGCGGCGTCCGCGCACGTTGGCACCGGTTTGTCTGT	0.188691	chr17	54671053	54671094	-
CGGGGGGGTTTGCCGGAGCCCGCGGAGCTCTAGAGGAGCGA	0.176803	chr20	3229382	3229423	-
CCCAGCCACATCCCGGAAGCCGTCCTCGCCGCTCCAAATGT	0.165783	chr19	21579891	21579932	-
GGTCGCGGATTGGAGGTTTCCGGTTGGAAAAGCCCCTTGGC	0.199145	chr12	133532957	133532998	+
GGGGAGGCCACGCGCGACGGCGTCGCAGCCGGAGCCCAGAC	0.122465	chr14	77591501	77591542	+
GATAAAGGTGATGAAAACTTCGGAACCTGAGAGATGGACAG	0.184587	chr10	126137904	126137945	-
GGAGACACAAGCGTGCACAGCGCAGGAAATTCCAGGCTCAG	0.140084	chr19	12595861	12595902	+
CCGCTGGCGGGGGGAGCGAGCGAGTGCTGCATTGGGCGGTT	0.179745	chr7	87563549	87563590	-
ATTACAGGAAGCAGTGGTGCCGGCTGCGGACCACAAAGACC	0.128859	chr14	77591641	77591682	-
GCTCCCTCTAGCCTCTTTAACGCACAGTCGAGCAACAGGCC	0.104297	chr2	208031754	208031795	-
TCAGCACCGTGGACAGCGCCCGCCGCGCCAAATCCTGCGGG	0.183724	chr16	2765617	2765658	-
CTTCATCCTCAGACTCACGGCGTCACTGTCGACCCGCACGA	0.15328	chr6	29974672	29974713	-
ACCGGAGGAAGGTCCTGCTCCGAATTCTCTCCAGAGCAGAA	0.168119	chr3	27755320	27755361	+
GTTAGCCTTTAGTTACAAAACGGCCGTCCTATAAGCCAGGC	0.198757	chr14	61113943	61113984	-
AGACCTGGTCGGGAGTCCGGCGGCTAGAGTTGATTGCAAGG	0.176505	chr2	208031713	208031754	+
CCAAGCGCGCCGCGTCCGTCCGCCAGAACTCGGCCACCGAG	0.177116	chr18	3499233	3499274	-
AGCTGTGCAGCCGGCTCGAACGAGAGGCCGCCCGACTTGCA	0.192627	chr3	9957438	9957479	+
TAAGGCGCCCAGATGGCCTGCGGGCGCCACCACGTCCCTGG	0.187179	chr20	30640016	30640057	+
GCCCGGCACCTGCCTTGCCGCGACACTGATTGAAATTCAAG	0.118329	chr17	30593784	30593825	+
GAAATTACATCCCCGCTCCGCGGCTCCCCCCAACCCCCACC	0.153344	chr12	57614079	57614120	+
TGCGCGAAGGGCTCTCCCGGCGGCTCATGCTGCCGGCCCTG	0.181862	chr17	54671419	54671460	+
TGAGCTGCGAGAACACAGCGCGTCCCCACCGCGCTTTCCGG	0.170084	chr19	58011325	58011366	-
CCCTGTTTGGCAACCTCGGGCGCAGCCAGGCCCCGCCCAGA	0.192139	chr6	28129464	28129505	+
ACCTCGGACAGAGACACCAGCGACACCATCTGGAAACCGCC	0.137744	chr19	10812797	10812838	-
TTCCTCCAGCGGGCGCTTCCCGGCCGAGCTGCAGGGGGTGC	0.122301	chr2	109648075	109648116	-
CACAAGCAGCCGCTCCCACTCGCGGACCGCGCCCTGTGCCT	0.193391	chr12	133464583	133464624	-
GCCCGCGCGAGACGCCCCCGCGGACTACACCGCGGCGGCAA	0.18051	chr16	89883220	89883261	-
TCCGGAGCTGGTCGCCGCAGCGAACAACCAGCTTCCGGCAA	0.168695	chr19	58011289	58011330	-
TGTAGCTAGGATTAATCAGCCGGGCTCTGCAGGGCTCCGTT	0.161371	chr19	11909212	11909253	+
CAAATCGGAGTGGAGGGGGCCGGTGTCACCGAGCTATCCCC	0.175323	chr22	37730865	37730906	+
AGGGGAAACTGGAGGCCAGACGGCGGGTTAGGAACTCGCTG	0.126131	chr1	203599069	203599110	-
CGCCCCTTTGCCCGACCACACGCTCTTTGTAAATACAGAAT	0.101795	chr12	63026191	63026232	+
AGGGCCCGGGCCACCCTGGGCGCCGCCACCGAGCCTCAGAC	0.189645	chr19	58011373	58011414	-
GGTGGGCGTCCGCTGGGACACGTTGAGCACGATGACGCAAT	0.18898	chr17	4802792	4802833	+
CGTTCAGAACAGGAAGACCCCGCAAAACGCCGGCCAAGACG	0.149321	chr12	133464645	133464686	-
GCTGCGCACCCTCCCGGGTGCGACTTTAAGCGAGGAAACCA	0.167868	chr1	228463240	228463281	-
GTGGCCTGCTGCCCCCGTCGCGGGCGCAGGCGACCAGGCCT	0.103331	chr3	9993914	9993955	-
AGGGGGGCGCAGAGCGAACCCGTCCACTCCTCACTGTACAC	0.192531	chr4	16085159	16085200	+
CGAAGTCCGTGTAGCACCACCGCTCCCCGTGTTCTCTGAGC	0.198937	chr6	30071267	30071308	+
TGGCAGGGTCCCGGTTCTTCCGGCCGCCAGAGACCCCTGGG	0.159655	chr6	39016450	39016491	-
CTCCCCTTTCTCCGTCCCTGCGTCCCCACCCACACACACAT	0.173195	chr14	77606573	77606614	+
GGCAGACCTCCCGGCGAGCCCGAGCCCCCGCCCCCGGCTAG	0.119047	chr19	38747059	38747100	-
TGCCCAGGACCCTGGACCGCCGGTGTCCTCCGTTCTCGACG	0.198889	chr7	108096724	108096765	+
CCAGGATCAAGACCCAGCCCCGTCACGGCCTGGCTCACGAG	0.150697	chr3	127175985	127176026	+
CCGCAGTCGCCGCGCAGAGACGAGACAGGACGCCTGGTGTC	0.189232	chr19	11998980	11999021	-
GCCCCGCCCCCGGCCGGCCCCGCCCCAGGATGGCCAGTTCC	0.1308	chr17	64961727	64961768	-
GCCGGCCCCTCCGCAGGTCCCGCTCCCTGACATTTGCTGTG	0.190609	chr7	41745159	41745200	-
ACGCCGAGGGCGCCCGCCACCGCCTGGTTCTGCACAACGTA	0.184402	chr1	228463613	228463654	+
CTTCCGTGATCCGCAGGCGACGAAGTCGCCTGGTCAGGATC	0.162238	chr12	133464337	133464378	-
ACCATGAAGAGGGGGAGCGACGCCCCCAATAGTTGGAACAA	0.17289	chr17	44895996	44896037	+
TTGGGGCAACTTCCCCGCTACGTCGCCCAGGGATTTTAAAT	0.145465	chr12	104850305	104850346	+
CCGCGCCGACTGGAAGCGGCCGGGGCGCACACCCCGCCTGC	0.140985	chr1	43533893	43533934	-
GTCCCCGCAGGACTCGAACCCGCGACACCTCTGCCGCGCCC	0.166259	chr2	225307238	225307279	+
CTGGAAAAGTGATAAGGGGACGTGACTGGCCGGCAAAGAAG	0.192143	chr15	79502117	79502158	-
CTGGGTGATGTTTGCTTATGCGGACAACTTCCTCTGGGAAT	0.135581	chr2	43448918	43448959	-
AATGGATTCCTGGGGAACAGCGACCTCTGGAGGAGCCTCTC	0.185548	chr1	47898219	47898260	-
CATTACAGGCCGGCCCTTATCGCGGCGTGCATCACATTATT	0.178216	chr1	47999143	47999184	-
CCCCTTCGCGTCGTGCTGCGCGCACACCTTCAGCTCCATGT	0.146027	chr1	156215635	156215676	-
CCGGGAGGGGTGCTGGGAATCGGAAAACACAGATATGACCG	0.15457	chr22	39269066	39269107	-
GTCGTTGGGGGCTCTCCCGGCGCCTGCCCTCAGCCCTAACG	0.157238	chr17	37307968	37308009	+
CGCCACTCCAGGAAAGGCTCCGCCCTCCGCGCCGAGAATGC	0.187259	chr6	79620343	79620384	-
GGCCCCGGCCCGCGTGCGCCCGTCCTCCGCCCCTGCCCGCG	0.173438	chr11	130298414	130298455	+
GCAGCGTGCAGCGGCTGCAGCGGCTCCGTTATTGAGTAGAT	0.169963	chr8	48100150	48100191	-
GCATAAAGCAGGCCTCCAGACGTCTCCGAAGGATCGCGCAG	0.189881	chr10	94833088	94833129	-
CACGTCCCTGCCTCCAGTCCCGGCGCGAACTCCAGGTGTCG	0.116546	chr2	127976592	127976633	+
CCTCCCGGCGGCTTAGGGCCCGCCCGCTGGCTCCGCTTTCG	0.193396	chr2	72370307	72370348	+
TCCCAGGACTCGCGGTTCCGCGTTCCTGTCGCAGTCCAGAC	0.1878	chr1	45251998	45252039	+
GATTGGCTTCTCTAAAAACCCGGCACCCAATGGGAGTGAGA	0.147503	chr6	30227274	30227315	-
CCCGGCTTCGAGTAGTGATACGCATGAACAAAGCCATATCC	0.174183	chr17	7826246	7826287	-
AGGCAGCCTCTACCCCGTCTCGGGACAACCGGCTATGCACA	0.192486	chr19	12076031	12076072	-
AGCGTGTGGGCAGCCCGGCCCGCGCCCCTGCGCCCACTGAG	0.184011	chr12	31079563	31079604	-
CTTCGGGGCCCTCTTCCTAGCGCTGCTGGCAGGCGCACATG	0.182925	chr20	44540042	44540083	-
GGGACAACCGGCTATGCACACGCACCATTTCCTGGCTTTCA	0.163779	chr19	12076010	12076051	-
CCGGCGCTGTCTCCCGTGGCCGCCCACGGAGCCTCCCGCCG	0.13815	chr2	29338412	29338453	-
GCAGTGCTCTCTGGGGCACACGGCAGCCCCACGACGCCTTT	0.179814	chr17	58212907	58212948	+
GGGGACTCTTCTCCTGCCCTCGTTTCTGGGCGCCCCAAACC	0.186301	chr3	169530006	169530047	+
CGAAAGGCCTTCCGAAACTGCGGGCTTTAAGATCTTGTTCA	0.165243	chr15	26328028	26328069	+
GGGCCCGGCCCGGCCCGGCCCGGCCTCCCCGACCCGCAGCC	0.139681	chr5	131347257	131347298	+
CTAAACGTAGGGTTTCCGCTCGGCTCTCTAGGGAGCTGGGA	0.154869	chr17	4981917	4981958	-
TCCCTACCCTGCGCGCCCCACGTGCCTCCTGTAAACAAGAG	0.155383	chr11	66336105	66336146	-
TCTGCAGCCGCCAATCAGAGCGTCAAGGTGAGCCTGGGGAG	0.158324	chr4	144480186	144480227	-
CCGGCGCGCCCCCTCCCCCCCGCCTACGCTGGCCCATTCAT	0.144318	chr6	44044486	44044527	+
TCGTGACAACTAAGATGGACCGTCTTCTACTCCTAGGAGTC	0.154784	chr12	133464476	133464517	-
TGGGCGCCGCTAGCGGAGAACGGAGTGTTCACCCCGGAGCC	0.179151	chr22	28198198	28198239	-
GGCGCTTTCCCAACACTGGTCGCAGTCATTGTTGGTATAAC	0.166114	chr7	99155990	99156031	+
GACGGAGGGCGGGAGTGTTCCGGGGCTAGGATGGCTGGGAT	0.192048	chr7	108097184	108097225	+
CACGCGGCACACAGTAGGTACGCCGCTGCGGCTCAGTTCCG	0.169151	chr6	43276549	43276590	+
GGGCGCGGCCTCCCAAATAACGACCTCTGTTAAGTGGGACC	0.196654	chr1	32180645	32180686	+
CGCGGGTGGAGCTTACTGGGCGCTACCGGCCTGGCCACACG	0.149305	chr16	23313539	23313580	-
CGCCGGCCAAGACGTGGCCCCGCGTCCACCCTGCCCACAAG	0.151999	chr12	133464618	133464659	-
CCTCCAGCGCCGGCCTCGCCCGCGCTCCTGAGAAAGCCCTG	0.129938	chr5	180018541	180018582	+
TGTGCTGACGGCTCGGCCACCGCGTTTCCCAGCAAGAGCTT	0.124398	chr11	133907706	133907747	-
AACCCTCCTTCTGCGGGAAGCGCTGGGCGGAGCTGATTTGC	0.192533	chr5	158737772	158737813	-
AGAAGCATCTTCCAGGATCACGGCCTTCCCGCGGGACACAC	0.194103	chr12	56123940	56123981	+
TGAGCGTATCGCCGGAGAAGCGTCACGCCTGGCGCATTACA	0.187459	chr6	27783033	27783074	+
GCAGCCCAGGCCCAGCCTTACGCTCCCCCCGCCCTCGCTGG	0.140405	chr22	19701714	19701755	-
ACTCGTGTTTGATGGCTTCCCGAGTTGCCAATGTCCTGGTC	0.175797	chr17	49022257	49022298	+
TGGCTCCCGAGCCCCTGACACGGATTTGGGGCCTGCAATGA	0.159008	chr5	134879797	134879838	+
TGGTGGGGGCTTGGGGCCCGCGGACTTTGCCCCCTGGTGGA	0.161666	chr2	43019798	43019839	+
TCCCGGGTCCAGGTTCCAGCCGCTCCCAGCTGTTGGCGGCG	0.175172	chr12	63025750	63025791	+
ACGCAAGCCCTCCTGGCCTCCGCCGGGGCTCCCTCATCTGG	0.199657	chr8	110704060	110704101	-
GCAAACACGCCGAGGTCCTCCGTCCCCCCACTAGACTCCAG	0.186937	chr4	23890638	23890679	+
ACAGTCCCGGCGCAACCACCCGCACTCAGATTCTCCCCAAA	0.121744	chr6	30227352	30227393	+
CGATCCCGGCACTACAGTCCCGGCGCAACCACCCGCACTCA	0.131732	chr6	30227339	30227380	+
GGCTTCACCCCGACTTCGGCCGGCTCGGAAGAGGGGAACTT	0.111814	chr1	27960996	27961037	+
CACTGGCGCCCCCTCATTCCCGCTCCAGCAGCCCATGCCCG	0.169826	chr15	74392484	74392525	+
GAGCCCGAAGGCGCCCCAGCCGTCTCGCACCCTCGCTGACA	0.170635	chr3	14644769	14644810	+
TTTGTTGCTGGGGTCCGTTGCGTTCTGCATCCAGTCCTTGC	0.108298	chr19	11909387	11909428	+
GCAGCTGCCGCCTGTGCTGACGGCTCGGCCACCGCGTTTCC	0.165184	chr11	133907718	133907759	-
CTCCGCGGCCTCTGCGACCCCGCCCCGCCAGCCTCTCCGCC	0.121313	chr1	203598740	203598781	+
AGGCAAGCCGGTCCTGTCGCCGCTGCGCGGTCTCTCACGCT	0.171517	chr19	38210203	38210244	+
AAGACTAGAATACAGAAAGGCGCAGGCAGTCACGTAGGACT	0.180769	chr4	144480317	144480358	+
CGCGGTTTCTGCGTTTCCCCCGCGTTGCCAGCAGCCACTCG	0.109223	chr2	24232844	24232885	+
CCGCGCACACTGCGCAGCCTCGACGCCAGCCACAACCTGCT	0.158821	chr20	6033185	6033226	-
GCAGTCACGTAGGACTAGGCCGGGTTTAACACCCGAACAGT	0.18177	chr4	144480342	144480383	+
GGATCCGGTCTTTCCAGCCCCGAGAGGGACCTGGTTCCTCT	0.147887	chr19	11998665	11998706	+
CCAGCTCGAGGGAGGGGGGCCGGAAGCTTCTGGAAGTTGGC	0.191054	chr19	18415783	18415824	+
CACTGCACCAGCGGGCCGTGCGTCCCCCTGGAATGAGACCC	0.196024	chr1	44401959	44402000	-
GGCCTCCTTGCGCGACTTCCCGCCAGGCCCAGGGCCGTCCC	0.163219	chr11	63768012	63768053	-
GAGGGAAGACGTAGAAGAGGCGCCTAGCTTCTGCCACTAGA	0.164522	chr22	40420967	40421008	-
TGAATAAGGTACCCCCCTCCCGCCCCAGGGTCCGTTGTCTG	0.177075	chr3	26663785	26663826	-
TTCGTTGCTGTAGGTGGAGGCGTCCGACCCACACACAGGCG	0.145133	chr1	976152	976193	-
GTTCTTTTGACCAACAGCGACGCTCAGAGGTTTTCTCAGGA	0.197327	chr5	140739481	140739522	-
GAAAGGGATTGTGACAATCTCGGAAGAACTCACTTCTAGAT	0.170012	chr4	166795752	166795793	+
GAGCTGGGACGGAAGCTGTGCGCCCTCGGAGCCCCTGCAGT	0.131612	chr1	43533934	43533975	+
CCCCCTGGGCCCCTCCCTGACGCCAGCCCATCCTTGAGACT	0.160269	chr7	99155951	99155992	-
GGAGAAGAAGAAGGCTCTCCCGACACGGTGACTCAGGCCTC	0.161617	chr1	32180335	32180376	+
GCTCTGCGCCCGCAGCCGCGCGTCTCCCCAAATTGTGCGGA	0.137663	chr19	12098885	12098926	+
TCTGCGAGTTCCCCCTCCCCCGGAAAAAGAGAGAAAAGAAA	0.125769	chr9	132099271	132099312	-
CAGACAGGAGTCTGGGCGAGCGCCCCAACCCCTGACCACAA	0.178852	chr14	23291876	23291917	+
GAAGCCAATCAGCTTCGCCGCGATCCCGGCACTACGATCCC	0.155051	chr6	30227305	30227346	+
CCAGGTCCCCACCCCCACCCCGCCACACTAGGCTCCCCCGC	0.167849	chr7	150652927	150652968	+
GCGCTCGTCCGTTACCATAACGACCAGAAGACGCTGCAGCC	0.13676	chr17	9479933	9479974	+
GCAGGCCGGGGAATTCCTCCCGGTTCCTGGAAAAAACAACT	0.161538	chr19	46379970	46380011	+
AATCCGGGGAAGCAGAAGGCCGCACTCAGAGTCTCTGCACT	0.192981	chr19	11909344	11909385	+
GGCCGAGCTCAGCACCGAGGCGCCCCCCAACCTGCCCAGCC	0.197896	chr12	54402888	54402929	+
TTCGGGGGGCTCTGAGGACCCGCCCTCAGCCCCGGCTGCCG	0.172197	chr5	131593198	131593239	-
GTCGCCGCCGCCTGCCGAGCCGGCTCCCTGGAACAGCAAAG	0.144872	chr17	4981578	4981619	-
CCACCCTGCCCACAAGCAGCCGCTCCCACTCGCGGACCGCG	0.138716	chr12	133464593	133464634	-
TTACCATAACGACCAGAAGACGCTGCAGCCACTAGGGAGGA	0.162193	chr17	9479944	9479985	+
GGAAACCGGGCGGGGGCAGGCGAGACCTCAGGGCTCCAGGG	0.135917	chr1	45249854	45249895	+
GGCTGAGCAGGCGGATGCGGCGCTGCTGGCTGCACTGCGCC	0.198416	chr1	976207	976248	-
GGCGAGCTGCTGGCCAGGCCCGAGGCTCTGACGCCCAGCAA	0.190946	chr19	52207632	52207673	+
AGAAACAAGAAATCCACCAACGGAGAAGGATTTATCATCTG	0.159032	chr1	27113619	27113660	+
GCCTCCCAGAGCCTGCAGCCCGGCCATGGCCCAGTCGCCTC	0.170885	chr15	90319563	90319604	+
TGATCCGCAGGCGACGAAGTCGCCTGGTCAGGATCAAAGAT	0.177147	chr12	133464331	133464372	-
ATCCCGGAAGCCGTCCTCGCCGCTCCAAATGTGTGCCTAAT	0.151661	chr19	21579882	21579923	-
GGAAGCCGGCCCAGCACAACCGCCCACCGACTCGCTCCCCC	0.1916	chr16	57450648	57450689	+
CGGGCAAGAACGGGGGTCGCCGCCCAGCTCGGCCTTCTGGT	0.136697	chr16	25078074	25078115	+
CAAGAGAGGAGGCTGTGGTCCGGATCCTGACCCTGATTGTA	0.199635	chr4	166794246	166794287	+
CCCCTCGCCGCGGACTTCCTCGGCAGTGTATCCCGCACCGT	0.19559	chr19	46800065	46800106	-
CGCGTGCCCGGCTCGCTCTCCGTTCCCTCGGATAGCTCCCA	0.144479	chr7	27232391	27232432	+
ACTAGGCCGGGTTTAACACCCGAACAGTGGTGCTAGAAGGT	0.107063	chr4	144480355	144480396	+
CAAGGAGTAAGTCTGCACCCCGTAGGGACAGTCGCGCTCCC	0.156414	chr9	136039105	136039146	-
CACCCTTCTGCCTCGGAATCCGTCTTCCCGGCAGTGTCTTG	0.18017	chr4	183064612	183064653	+
GACCCGAAAGTGCCCCCGGACGGTTACAGAGGACACTTAAG	0.13879	chr4	15780707	15780748	+
CCTCTTTTCTGTCTGGCCCGCGGCCCCGCTGCCTGCCCTGC	0.141674	chr9	136039261	136039302	-
GGCCGAGCCGTCAGCACAGGCGGCAGCTGCCTCCCACACTT	0.156937	chr11	133907729	133907770	+
GTGCCTGGGGACAGAGGCCTCGTGCTAGGAGCCCCAAGCAA	0.15106	chr7	99595417	99595458	-
GAGCCGACCCGGCTGGGCCCCGGGATGCTCCCGAGCCGCGC	0.147822	chr5	175793029	175793070	-
CAGCACTCCGATTCTTTTTGCGCGGCCTGAAATGCATGTGA	0.101234	chr4	15780828	15780869	+
GTCTCGGATGCCCTGGCGCACGGCCTCGCGCTCCGCCTCCA	0.174392	chr4	786223	786264	+
CGGCTCCCCTCCCCCAACACCGTTCGGAATCCTTGGGTCAA	0.135813	chr1	118727883	118727924	+
CCCGCTCCCGCCCTGTGCCCCGGCTCAGCCCGCCCTCCCGC	0.128229	chr1	45250161	45250202	-
GCCCCGCAGAGCCAGACTGACGGATTCTAGCCACAGCTTCT	0.137375	chr19	12035758	12035799	-
AAAGCCGGGGGAGCCTCGGTCGCATTGCTGGAAGATCGTCT	0.128214	chr3	196366400	196366441	+
TGCCAGTTGTTTCCAAGACACGTGAAAGCAATCAAGCTCCC	0.188309	chr10	35105380	35105421	+
AGTCGGGGCCCCCGGGGCCGCGCCGCCGGTAGTCACACGTG	0.171495	chr12	49374300	49374341	-
TCGAGGTGAGCACAGCGTTTCGGCCTCCCGAGCCTGCCAAC	0.192364	chr17	58218761	58218802	-
GTGGTCTCTCCCGGTCTTCCCGGCTCTTACCTCGCTGGAGC	0.124242	chr17	64831357	64831398	-
AAGTCTTGCCACTGCCCTACCGGATTCTTCGCATCCTGTAA	0.156315	chr10	32218881	32218922	-
CTTGCCTTTCTCTCGGATCCCGTCATCGCTGTGGTCATTGT	0.167881	chr3	38080615	38080656	-
TCCCTCTACGCGTGGACCCACGTTAACCCCTACCATGCTGG	0.183359	chr11	130298735	130298776	+
CGCTGCGGTGGCAATGGCGGCGCCCCCTGCACCAGCCGCCA	0.163672	chr2	24232953	24232994	+
AAATCATGTGCCCAGTCACACGGCTCCTTACAGGAAATGGT	0.180783	chr2	178104774	178104815	-
CCGCAAAACGCCGGCCAAGACGTGGCCCCGCGTCCACCCTG	0.16161	chr12	133464626	133464667	-
CCAGGGGCCGTGGGCAGCGCCGCTTTCTGCCGCCCACCTGG	0.164389	chr5	172662110	172662151	-
ACAGCGGAAGCCCTGGGTATCGGGCCCTGCAGAGCCAGACA	0.157541	chr19	11998488	11998529	-
TAGGGCAGGGAAAGCGAAGCCGAAACCCAGGCTGGGGTATC	0.191639	chr2	24273073	24273114	-
CTGAACATCCCCCGCCTCCCCGCCCTCCATCGCTCTTTATG	0.173629	chr22	42679556	42679597	+
CTGCTCCATCCCACCGTCTCCGGGCCACCCCTGCCTCTGGG	0.14956	chr12	111127325	111127366	+
AGTATTGGGACCAGGAGACACGGAACGCCAAGGGCCACGCG	0.11659	chr6	30227762	30227803	+
GGAGGACGGGAAGCCGTGCACGACGAGCACCATCTCCCTGA	0.190207	chr16	30206056	30206097	-
TCTGAGAGCACGAACAGCAGCGCCCCCGCGTCCCAGCCAGC	0.166672	chr1	110009261	110009302	+
ATAGATAAAGGCTCCAGCTCCGCACCCTTTCAGAGCCTGTT	0.197909	chr17	59539566	59539607	+
GGGGGGGGCGCACCCCCACGCGTGACCTTTCCCCGTACTGC	0.18092	chr19	56159796	56159837	+
TTGTAGGGACAGAAGGGGTCCGAGGAGTTCCCGGCACTTTC	0.188044	chr15	65713838	65713879	+
CCGGCGGCGCGGCCGAGTCCCGCTGCTTCCGCACTCGCCCC	0.14925	chr2	225307049	225307090	+
AGCCCCCCCCAGAGCCCCACCGGGAACTCATCTCTCCGCCT	0.167248	chr11	68780845	68780886	+
CCCAAGTTCCACGTCGCCGCCGCCTGCCGAGCCGGCTCCCT	0.122025	chr17	4981590	4981631	-
GCGTTGCCAGCAGCCACTCGCGCCGCGCCCCTAGCCCAGAA	0.127421	chr2	24232865	24232906	+
GCCTCCCTGGGCGGAATCCGCGGTTCCTCGGCGCTCATTGG	0.105602	chr6	43276626	43276667	+
GGGAGCGGGGGAGTCGGCAGCGCCGCCTGGGACAGAGCTTG	0.166437	chr16	80966012	80966053	+
GCTCCACCCACGGCGCCCGCCGCTCCATCCTCGGACTCACG	0.113985	chr6	30227709	30227750	-
GGACCCAGCAGCAAGCAGGACGGGCGGCGCTCTGCTACTGG	0.192244	chr3	158390316	158390357	-
CGCCTAGTTTGGAGGAAATTCGTTGTTTCTGCCGCCAATAG	0.198026	chrX	6146759	6146800	+
GATTTCAACTGCGTACTGGACGACACACAGAAGACTGCGGG	0.155196	chr17	58212843	58212884	+
CTTCCCTTCTAAGCGGTTAGCGTGGGGCCCGTTGTACCGCT	0.140432	chr4	56501697	56501738	+
GGGGCGCCGTGGCGCAGGTGCGCCCCCATCCCCAGGGTCTC	0.166703	chr16	330247	330288	-
CCGCTCCCACTCGCGGACCGCGCCCTGTGCCTCAGACTTCG	0.123574	chr12	133464574	133464615	-
GGCGGGGCTGGCGGGGCTGGCGGCCTGGCCCACTCCCAGGT	0.132044	chr20	48184671	48184712	+
CAGGCCTGCCACCCTGACCGCGCCTCCTCGGAGCCCGCAGC	0.173037	chr2	38763110	38763151	-
CGCCCCCATCCCAGGCCCCCCGCGCGGCCCCACCCGCTGCC	0.139947	chr22	21386893	21386934	+
ATTCCCGAGTGCAACGTTCCCGGCTCGCGCCCCACACACGG	0.190335	chr8	145747718	145747759	+
CGCAGCCACCCAAAGGCAGACGAAGACCTGATCTCGGCCTC	0.161743	chr20	60943221	60943262	-
ACTTTCCTTTGAACGCCCGGCGCCACCCCCATGCCGACCCC	0.181988	chr3	14643905	14643946	-
GTGCTGGGACTTCCAACCCGCGATCTCCTCACTGTAGTATT	0.124801	chr2	43020109	43020150	-
CGCCGCCAGCACGGCCGCCGCGATGCCCAGCAGGGTCATTG	0.173263	chr19	17559196	17559237	+
TCCCTTTGGGGTGCCCTTCGCGGTTTCTGCGTTTCCCCCGC	0.133233	chr2	24232826	24232867	+
CCTGCGGTGGGGCCTGCTCCCGGCGGAGGACAAAGAATCCA	0.112256	chr2	43019992	43020033	+
AGGCCCTGCCTAAGCGTCCCCGCTACCACAGTAACCGAAGC	0.173792	chr1	118727819	118727860	+
CACCTGAGGCTGTGTAGGTGCGGCCCCCAACACCTAACCCA	0.191658	chr7	65878890	65878931	+
CCTGCCCCCCTAGACGGCCCCGAGCCCTTTTGGACCTCATC	0.122388	chr10	102497499	102497540	+
ATATATGGGTGGAAGGGAATCGACTCTGTGAAATCAGAGGG	0.177131	chr17	71160843	71160884	+
ATGGCCATCGCCATCGGCACCGACTACTGGCTGTACTCCAG	0.139	chr17	64961096	64961137	+
CGCCTTTGGGTTTCTTCGAGCGCTACTCGCACGCACCAGCG	0.117991	chr17	58212941	58212982	+
CAGGCTGTGGCGCTCCACCACGCCGTCCGGGTGGGCCTAGC	0.185846	chr16	56666554	56666595	+
GAGGCGCCTCCGGAAGGAGCCGGCTGCACGCCGTGGCCTTC	0.128147	chr7	6655706	6655747	+
TCCTGGTGTGCTCCTCCTCACGGGAAGCCCTCTGCCGACCC	0.199546	chr8	144503787	144503828	-
GCCGCTGTCGCAGAGGAAGGCGGCCGCCAGTAGCAGAGCCC	0.18345	chr10	135237119	135237160	+
TCACTTTCCTCTCGGGGAAACGTGACTTGTCAGTGTCATTT	0.164332	chr7	15726628	15726669	+
ACTCCCCGCTCCATGCCTCACGGACGGCCCTGGTCCCCTGA	0.15077	chr6	29974879	29974920	+
GGCCTGGCACCAGCGGCCGCCGCCCCCTCCTGCTGGTGCTG	0.190643	chr19	41103147	41103188	+
TTATGTTGGGGCAGAAGGGACGGGGAACTTCCGGATTGGAA	0.164533	chr12	133464398	133464439	+
GCGGCGCCCGCGACATGCCGCGCCGCACGTTGCTGCCTCCA	0.142125	chr6	44044423	44044464	-
CTGGTCGTTATGGTAACGGACGAGCGCATGCGCTCCAGCTC	0.151768	chr17	9479919	9479960	-
CCGCACGGCGGACAAGTCGCCGCGCCAGCAGGTAGTCCCTG	0.178822	chr1	110009488	110009529	+
CGCCTCCTCCTCCAACCCCGCGTCCAGGCCTTGTCTGGGGG	0.194304	chr11	44748307	44748348	-
CCCAGTTTCCTCTCAAATGCCGTCTGCCCTGCACCTGAGGT	0.197642	chr7	89783592	89783633	-
CCTGCTCTGCCCCTGCCTGCCGCGCCCCCAGCTCCCACCGC	0.16658	chr15	91427801	91427842	-
AAGCCCAGTAGGCTCCAATCCGTTGAGTTCCTGTTTTGATA	0.19898	chr7	39649204	39649245	-
AGGCGCTGTGGCCGAAGCCCCGGCCTCTCCCAGCCTGATGC	0.133159	chr2	45179505	45179546	+
ATGACCCGGGACAGAGGAGTCGTGAGACGGTGGCCAAAGCA	0.198436	chr2	236574622	236574663	+
GTGCTAATGGTCGGAACATGCGCACCTTTCTAGGAAGACTG	0.190652	chr12	48690526	48690567	-
ACACAGTAGGTACGCCGCTGCGGCTCAGTTCCGCCCCCTCC	0.120218	chr6	43276557	43276598	+
CTTCGAAGGAATGAATTAAACGTGCTTCCTCGTGTGTCTGA	0.138092	chr6	169653998	169654039	-
CACTCCAACGCCCCCCTTCCCGGCCCAAAGAAGGATTTGAT	0.194293	chr10	119310943	119310984	+
ATCAATTGAAGACAGAAGCACGTTGTCCTAATTGATGCCCT	0.168561	chr3	71112417	71112458	-
GCCAGCAGCCACTCGCGCCGCGCCCCTAGCCCAGAACCGCC	0.12748	chr2	24232870	24232911	+
GTCCAAGTCCGGCCCGTGCCCGCAGAACCCTGCCAGCAAGC	0.160428	chr5	77806291	77806332	+
CTCACTCCGCTGAGGCTCCGCGCTGCTGGGCCGCTCGCACA	0.17555	chr17	4981803	4981844	-
GATCAGGGTTTAAATTTAGACGCAAATCTAAACAGATACTG	0.187018	chr1	167599351	167599392	-
CCGGCGCCGAGCGCAGGGCCCGCCCCCATCCCAGGCCCCCC	0.182846	chr22	21386873	21386914	+
TGGGGAGCCCAGCCCCGATCCGGGGGGCAAGGGCACCCCCC	0.169723	chr7	100075486	100075527	-
AGCCAATCAGCGCTCAGCAGCGACCGGCAGGGACGACCAAT	0.115857	chr17	58213088	58213129	+
GGGCGGGGTTCCCAGTCCCCCGGTCAAATTTTAGGACTTTT	0.188449	chr1	118727973	118728014	+
GGGAGAGAGAGAAAAAAACGCGGATTCGCCGGCTCCTAGTC	0.186773	chr17	46692147	46692188	+
AGATCCGGGGTCCGGGAACGCGCCCCGACTCCGCCGTCCTC	0.187234	chr7	6566408	6566449	-
GTGGGGTGAGGAGGAATGGCCGACCTAATGGTCCCGCTTCC	0.19313	chr7	99155872	99155913	-
TGCCTGGAGCCGCAGCCCAGCGAATGGGACCCACAGCGGCG	0.158945	chr11	3181705	3181746	+
CTTGCCCCCGGGTTAGGTCCCGGACGGCCGCCCTCCAGTGC	0.179258	chr14	38061968	38062009	-
GCCAGAGGGCGCAGACAGGCCGGGTCCCGAGTGTCTGTCCC	0.181783	chr19	38747272	38747313	-
GGCATTCCCAGCGGTAGAAACGGCGCTGTGTGAAAACAAAA	0.1875	chr19	40732092	40732133	+
GGAATCTCCTGATAAAGGCACGAATCTTGGTGTGCAGATAA	0.196519	chr1	179262441	179262482	+
AAACAGGAGCGTCTGCCTCCCGCCTGACCCAGAGATTGTTC	0.168967	chr7	86273159	86273200	+
TGAGTGACCCCGGCCCGGGGCGCAGATCACTTACTCCCCGC	0.17248	chr6	29974847	29974888	+
GGCCAGGGAGGGGGCTGACTCGCCGCACTGCCCCCTGCCCG	0.13438	chr3	14643834	14643875	-
CCGTCAGCGGGTCCCGGCCCCGCCTCCCGAACGCAACGTCC	0.117646	chr1	119544049	119544090	+
AATGCCCCCCTCGCGGACATCGCCAGGCCGTCCACACCTGC	0.183467	chr17	37307503	37307544	+
TCCTCCCAGAGGGAGACCCGCGTGGCCCCCGGGCAGTGCCG	0.118929	chr2	132285951	132285992	+
TTATTTATAACCGCGGGTCGCGTTACCTCCTGACCTTAAGC	0.158054	chr17	49022000	49022041	+
CCCCAGGGCTGCGGCGGCGGCGACTGCTTGCCTTCCTCGGG	0.17869	chr12	133463864	133463905	+
GCTTCGCTCTCCGCGCCCCCCGCTCTGAGCTCCAGTGTTTG	0.120451	chr1	36549699	36549740	-
GCGAGGCGGGTGAGTGACCCCGGCCCGGGGCGCAGATCACT	0.167196	chr6	29974837	29974878	+
CGACCCTCCTCCCGCTCCCGCGCCCTCCCCTCGGCGGGCAC	0.104596	chr17	37783467	37783508	+
GGAAGAGCCGGTCTTCCACACGCACACCTCCGCGCCCACAC	0.101168	chr1	205399782	205399823	+
GCGGGTGAGTGACCCCGGCCCGGGGCGCAGATCACTTACTC	0.185431	chr6	29974842	29974883	+
AGTGCAACGTTCCCGGCTCGCGCCCCACACACGGCTCAGCG	0.176443	chr8	145747725	145747766	+
GCCCCACACACTGGCGCCTGCGGTGGGGCCTGCTCCCGGCG	0.145238	chr2	43019976	43020017	+
CAGGTAGGCCACCTCGTCCCCGTCCCCCTCACGTTGCAGCG	0.148906	chr9	136400036	136400077	+
GGGTCTCAGCGCTCGGCACGCGTCAGCACCTGCCAGGTGCC	0.192198	chr3	38081165	38081206	+
CGCCGGCCGCTCGGACCCTGCGGACGCCCGCGCCCCCGCCC	0.177605	chr19	47742809	47742850	-
GCGCTCCAGCTCCACGCCCGCGCAGAAACCCAGCCTGCCGA	0.192039	chr17	9479890	9479931	-
TTCCAATCAGCTCCCCATCTCGCCCTCTGGCGGCTCCGGAC	0.159371	chr19	50316448	50316489	-
GAGCAGGGTTTCTAACAGAGCGCCCCGGTCCGACCCCTGCG	0.183936	chr20	48184812	48184853	-
TGAAATCAGAGGGAAAATAGCGCTTGTCCTTGCCATGAGTC	0.158307	chr17	71160871	71160912	+
CCCCTTCCTCCCAGTGGGAACGAGCCAGCCAGCGAGCCCTC	0.123016	chr13	95655151	95655192	+
GAACGGGACTCAAGCCCCTCCGAACCTCCACAACCTGTGTC	0.170415	chr7	65509105	65509146	-
TTGCTTAGTGCGAGCCATGACGGAAAAACAGCACAGCGGAA	0.108545	chr6	26020694	26020735	-
TGCTGGGTGCCCCAAGGGGTCGCCTGACCAGGGACACCTAG	0.19793	chr19	56160045	56160086	-
CCGCCGCCTCACGCAGCTTGCGCTGGCGCAGCGTCCCGAGC	0.125316	chr3	38080904	38080945	+
AGTCGGGCTCACCCTCCACACGTCAGTGTACCCGCCCTCGG	0.139504	chr17	48049255	48049296	-
GCCAGGCCGCTCTCCGGGGCCGCAGCACCAAAGACGCCCGC	0.166824	chr1	6309323	6309364	-
GCGGGGAACCTGCGGCTGCCCGGGCAAGGCCACGAGGCTTC	0.150301	chr5	180018482	180018523	+
ACCCTTCCCGGAGCTGCCCCCGCCCATTCTCATGGGAGGAA	0.143103	chr10	45914430	45914471	-
TTCACTCCCGCCGCCGGCCGCGTTCATGCTGGGGACAGCGC	0.16761	chr5	77806148	77806189	+
CCGACCGGAACCGACTGTGGCGAGACCCTGGCTTTCCTGCG	0.185556	chr19	11998850	11998891	+
CAGTGCTGAGGCGCCCCACGCGCGTCCTCAGGGGAAGCCAG	0.191337	chr11	86383537	86383578	-
GAATCCAAAGCGTTTTAAATCGCTCCCAGCTCGCAAGTCGC	0.143469	chr17	46806035	46806076	+
GCGGCGGCCGCAGCCCTCGACGTGCGCCCGGCCCTGAGGCC	0.199614	chr20	3713325	3713366	-
GAGAGGCCTCGGTGATTTCCCGACCTCTCCTGTGAAGCCTG	0.163883	chr17	15245175	15245216	+
CCCCCACCCCGCCCCCACACCGAGCGCCGTATTCACCCCAA	0.164611	chr11	3181907	3181948	+
CTGGGAAATCGGGGCCAGGCCGGATTTCCTCTGTGGACCTG	0.146276	chr11	76382129	76382170	-
GCCCGGCCCCCGCCCGGCCCCGGCGCAGGCAGTTCAGGTAA	0.130038	chr3	99594911	99594952	-
AATCCCTTGAGTGAGGAAGACGCTAGTGTTCTCTTATATCT	0.109999	chr19	12075580	12075621	+
AGGGAGAGGGAGGGCACGGGCGCGGGCCGGGCCTCAAGGGT	0.114092	chr16	67198008	67198049	+
GTTCAAGACTTCTTCCACCACGGCACCTCCGGCATCTCCAA	0.187371	chr12	54403233	54403274	+
GAAGGATCGAAGTGTCTCCCCGACCCTGCTAGGGCTCTACA	0.187807	chr11	19263844	19263885	-
GGTCGACAGCAAACCCCGTGCGCCCCGTTGGCCCGGTCACG	0.12973	chr6	27064748	27064789	+
TGCCCTCAGCCCTAACGGAGCGCTCCCCTAGAGCTCTGCAG	0.136494	chr17	37307992	37308033	+
CAGAACCCCTAGACTACAGACGCTTCCCGGGAGTGTGCAAA	0.178406	chr2	74782076	74782117	-
ATGTGACTTCAGTTTCCGTCCGTTCCTTCCGCTGGTGCTAA	0.122328	chr3	196366588	196366629	+
CCGCGGGGAGGGGACAATTACGAAAGGCCCGGCTCACAAGC	0.199573	chr7	73442333	73442374	-
CAGCTGTCACCTCCTGGCCTCGCCCCACAGCACACCTGAGC	0.166609	chr7	88388566	88388607	+
AGGGATGCCGGGGTCGAAGGCGCCAGGGCCAGGGGATGCCG	0.174742	chr6	37663961	37664002	+
TGACAATCTATCGGGACGAGCGTGGGTTCCCTCCATGTCCT	0.171547	chr12	54611576	54611617	-
ATCAGGCCAGGTCCTCTCCCCGCATGGCCCTACGTCCCGAG	0.188044	chr14	24475885	24475926	+
GACCCCTGGGGGCGGGGTTTCGCCCTCGGCCCACACCCCCT	0.17079	chr11	61062816	61062857	+
GGTTTCTGGCTTCTCCCAGGCGGCCTCCGGATCTGGCCCCC	0.136286	chr19	46380113	46380154	+
CAGGCCTCCGCGCTCGCAGACGTTCGCACAGTCGCTTAGCA	0.128575	chr2	219857772	219857813	+
CTAAAGCAAACGGGTGCTTCCGAGCTGTCACCCCTGGGGCT	0.160731	chr22	28838610	28838651	+
CCCCTCTTGCCCCTCCCCACCGCAAATCACACAGGCCCACC	0.12703	chr1	35258414	35258455	+
CTGGAGATGGATCCAGATACCGAGAGTGCCACAGTAATTGG	0.15946	chr9	113342375	113342416	+
GCGGCGATGAGACAGAGCGGCGCCTCCCAGCCCCTGCTGAT	0.18912	chr2	219849762	219849803	-
GACCGCCGAGGCCCTCGCCACGCCCGGGTGCCCCCAGGGGG	0.139396	chr14	103655403	103655444	+
GCTGTTAACCCTTGAGGATACGGCTCAATGGTGTACCCACG	0.159004	chr8	29387612	29387653	+
AGTCAGGAATAACATTTCCTCGATCCAGGAAGGCTGGTTTA	0.135259	chr4	173961323	173961364	+
CCAACCTCCACGGTGCGGGCCGCGCTGCCCCAGGGATTCCA	0.190647	chr8	11562665	11562706	-
CCGGCCTAGCGGCCGAGCAGCGGGGATGTTTAGACGATCTT	0.109045	chr3	196366431	196366472	-
CCGGGGCGACCGCGAGGGGCCGAGGCCTTTGAGAGCGCTGC	0.18086	chr3	184322168	184322209	+
CGCCCCGCGTCCGCAGGGTTCGGGAACGTCCTTGGAGGCTA	0.197698	chr7	22539887	22539928	+
CTGGGGTGTGACCGAGGAGCCGGTCCCCAAGCATCACAGAG	0.195126	chr13	24844918	24844959	-
GTTCGCGTCCTCGGCCTTCTCGCTGGCTCCTGCCCGAGTCC	0.181497	chr20	30777769	30777810	+
GGGCACGCCTACCCTCCCTCCGGGTCCCCAGTCCTCAAGGT	0.182161	chr7	98990606	98990647	-
ACCCAGTACAAGCTCCTCCCCGCCCAAACCCCCGTGGCCCA	0.119909	chr2	96990997	96991038	-
AAGCCAAATCTTGAGCCCAGCGCCAGCACCGTGTTCTCAGG	0.139759	chr2	43020149	43020190	-
GGGCCCTGTTCCTCCATCAACGAAGGAAATATAGATCAAGT	0.152455	chr12	6560141	6560182	+
AGAAAATGGTGATCCGCTGGCGTTAGAAGTGGACAGAGAGG	0.121089	chr18	3012392	3012433	+
CACTGTTGCAGCCTAAAGTCCGGTTAGGGACTGATTTACCT	0.137162	chr4	15471679	15471720	-
GACCCCCCACCCCCACCTCCCGGGATTACAGCCCGGGCCAA	0.165361	chr5	17219205	17219246	+
AGCGCCCTCGCCGCCGGCGCCGCCCCAAGCCGTTTACCTGC	0.115889	chr11	64059034	64059075	-
CCTTCCCCCGGGGGCTGCCGCGATGCCAGCGCAGCTGGGGC	0.189148	chr12	50015909	50015950	-
GGGAGGCCGGGTGGGAGCTGCGTCCCCAGCGGCTGTGCTGC	0.197087	chr8	54570273	54570314	-
AGGAACACTTGGCTCCCCTCCGGCCAGGAGGACTTCTCCGG	0.181034	chr22	23522354	23522395	-
TCTGCCTGTGGGCAGGAGGCCGTGTCCCCCTGGCTGGCTGG	0.171859	chr7	4765075	4765116	-
CTTCCCCAGTCCCACCCCCACGTCCATCTTGGGCCACTTCC	0.100915	chr3	169376449	169376490	+
GCCGCTGAGTGGCCCTCAGGCGCTGCTATCGTCACAGATAG	0.175381	chr17	15244950	15244991	-
GCTCTCCGCCCGCCTGCGCTCGCCCGGCCTCCCTGCCTCTG	0.170043	chr10	45914668	45914709	-
CCCCCGGCCTTTTCAGCGGCCGTCCAGAGCTCAGCATCAGC	0.166859	chr10	43429438	43429479	+
AATAAGCAGAGACCTCGGGACGATGAATGACGTTGCTGACA	0.159144	chr20	60642094	60642135	+
GGGTCTGGCCACCCCCACTCCGGCGCCTGCCTGCCGTGCTG	0.163144	chr9	136658233	136658274	+
GGCCAGCGACTCCCGGGGCTCGCCCATCCTGGCGCCCACCC	0.170301	chr16	84002350	84002391	-
GAGGGAGCGCTGTTCGTCAACGACTACTTGGACGGCCCCTG	0.112823	chr8	145748039	145748080	-
ATAGTGCCTTGCAGAGGCAGCGTGAGTGCCAGCAGCAGAGA	0.183577	chr20	62461138	62461179	+
ACAGACAACCCTATGCTCCACGCCCCGTGGGGATTACTCCG	0.199949	chr17	38232108	38232149	-
CCTTCACCTGACCGCAAAGGCGGCCAGGGCAGCCTCCGCGC	0.191343	chr10	45914625	45914666	-
GGTACTGGAGGAGCTGGGCCCGGAGCCTGAGGTCCCCAGTG	0.130666	chr6	30647063	30647104	-
CCCGTCCCAGTCCCCGTCCCCGCAGGATCTGCTGCAACCCA	0.178082	chr22	21386777	21386818	+
CCGCCAGCAAAGGAGCCACCCGTTCATGCCCACGCCAAGCC	0.18152	chr17	44896404	44896445	-
AAGGAAAGAAGCGGGGAAGTCGGTTCCAACTACTCCTCGCA	0.140111	chr1	219834516	219834557	+
GAGTGAAAGGCCGTGGGGCCCGGGCACCTAATCTCTGTGCG	0.183092	chr13	28492405	28492446	-
CCCAGTTCGCCGGCGCCGAGCGCAGGGCCCGCCCCCATCCC	0.117075	chr22	21386864	21386905	+
GGGCCCCACGCCCGTGAAGTCGCCTCCTAGAGCCAGGTCCC	0.158796	chr14	74100967	74101008	-
GCCGGGCGGCGGGCGCGCCGCGGCTTCTGGGGTCCCCGCCC	0.159213	chr20	30778018	30778059	+
GAAACAGGTGAGCCGGCCTCCGGGAAATTACCCAAGTTCTT	0.185401	chr7	3018371	3018412	-
CTAGACAAGGGCGCTAATAACGCCCATAAAAGGCGGCCTCT	0.193245	chr12	54343690	54343731	+
CCCACGCCCCCTACCCGGCTCGCCCCTCATGGGTCGTTGTT	0.168711	chr14	21121544	21121585	-
ACGAAAGGATGAGCAGAGCCCGGAGCTCCGGCCTGCTGTCA	0.180482	chr1	161275541	161275582	-
GGCACCAAACAGATCTCCTCCGAAATCACTTTGAACTTCAG	0.183764	chr12	130529930	130529971	+
CTCCATAGTATTTTTTTTCACGCGTCGTCGCTACTACAGCA	0.164965	chr12	12867703	12867744	+
CACCAGGATGGCCACCCCCACGTCCTCGCAGTTGGCATAGA	0.185263	chr17	74533483	74533524	+
GCCTCTTGCAGCCGGGGAGCCGTGCCCACTGAGCGCAAACA	0.196791	chr12	108733287	108733328	+
CCTCCCTCATGTCATCCGGTCGTCTTGCATTTCCAATGAAG	0.120733	chr4	15471281	15471322	-
ACCTACGGGCCTGCAGTCCCCGAGCGGCTCCCCGTCCCCGC	0.13458	chr1	32410594	32410635	-
TTAGGGCTCCTGTTGGAAACCGACCCTATCTGGGGAGCCTG	0.103288	chr6	30095741	30095782	+
ATGGGGGAGGAGGGGACGGGCGGCACTGTGCATCTGCTGTG	0.147241	chr19	50316322	50316363	-
TGGCCAGGGAGGGAAAGACACGGCACAGTCCCGCCCACCAC	0.187503	chr19	2167476	2167517	-
CCCGGCAATTTCATGGAGGACGAGCAATGGCTGTCGTCCAT	0.196276	chr10	73847943	73847984	-
CGTCCCCGCGCTGCCTGCGCCGGCACTGCAGACTCTCCTCG	0.194855	chr15	90320013	90320054	-
GGAGGGTGGGGGGCACGAGACGCCCCCAGCAGGCTGCCCCG	0.115298	chr17	74117922	74117963	-
CTGAGCCTCCTGGGCAGCCCCGAGCCCACAGCTCCCAGCAG	0.164973	chr7	88388601	88388642	+
GCCTGGCGCGCTGCTTCCCTCGGAGCTGGGTTTACATTGAC	0.152401	chr3	169376278	169376319	-
AAAGTGGGGACGCTGTCCCCCGCCCCAAAGGCACTGACACT	0.173164	chr14	24476061	24476102	+
CCTTGAGAACAGGAAGTCCACGATTCATACAAAGTGCTCAC	0.13916	chr10	104417957	104417998	-
GCCGTGCCACTAAGGTAGTCCGCCTTTCTATGAGCCCTCCC	0.153665	chr1	209848880	209848921	+
GCTAATGCAGTTTATGTCTGCGCTCTGACACCAGACAAACT	0.112011	chr10	102881304	102881345	-
CCCGATGGCCTCCTTCGGGGCGCTCGCTACTCCGGACCCTC	0.132014	chr11	119211419	119211460	+
CCCCGGTTGCCCAGCGCCAACGACCCCCTGGGCCTCACCTG	0.18081	chr7	6655814	6655855	-
GGGTAGGACTCCAGGCTGCACGGCTCTGGCAGAGAGCCCGG	0.144692	chr1	940762	940803	-
TACCGCGCAGCGGGACTCCTCGTCTGCACAGCTTCGGGGAG	0.15025	chr15	68128005	68128046	-
CAGACTGGCGTTTCCTACGGCGCCTTCACTGGAAAGCGCCC	0.134577	chr10	45914505	45914546	-
TCGGTGCAGTCGGCGGTGCGCGGCGGTGTCCAGCGAGCCAT	0.154385	chr1	11845217	11845258	+
GCCACCGCCGCTGCCGGCTACGTGAGTACCCCTCTGCCCGC	0.157724	chr3	46940326	46940367	+
GAGGGAAACCCGTCGGGCGGCGGTTACTATGGACGCGCTCA	0.127607	chr17	15245055	15245096	+
AGCACCCCGCCCCTGCCGGGCGCGGCCCCCACCTGCCCTTT	0.16761	chr2	220300089	220300130	-
CCTCCTACACACACCCCGGACGCGTCTGTCCAGGTCCGAAA	0.199229	chr12	52262715	52262756	+
AATTAAACCGGTAAACAAGCCGGCTCCCATTCTAAATCAGA	0.157564	chr2	45028691	45028732	+
CCAGCTGAGCTATCGAAGGGCGCACGTTTCTGGGGTTGGGT	0.121489	chr14	21121332	21121373	+
ATTGGCCAATCTAGGGGTCTCGGACAAAGTGCAGCGACCAC	0.194992	chr5	60921871	60921912	-
TTCCTCCGAGGCCTGGAAGGCGAGCTAGCCTTTGCCCTGGC	0.189446	chr19	17958626	17958667	+
TTCTATCGCTCTGTCTCCTGCGCTGTGCCCTTCTGTAGTCA	0.126917	chr19	12075939	12075980	+
TTTGATGGGCATAAAATTCCCGATTAGATTAAACAGTCTTG	0.196423	chr2	176978736	176978777	+
GGAGTAACTGTAAAATAGAGCGGAGATATCAGGCACCCCCC	0.190138	chr15	89921238	89921279	-
GTGTGCCAGGAGTTGCCCGACGGCAGCATTCCATGCTTGGA	0.191543	chr9	18474223	18474264	-
TGAGTCTTCAGGTTTCAAAACGAGAACTCTTCCTGAGTGCT	0.19196	chr6	30646736	30646777	-
GAACTCGCCAGCCCGGGGCACGTTCAAGAGCGTATTTTACT	0.165862	chr1	201915968	201916009	+
TCCATTGGATAATCTATCCTCGCTCTACCAAACTACCAGCA	0.198218	chr5	36067070	36067111	+
TCGGCGTGGGAGAGAGGAGACGCTCGCCGTCCCCTGACCCC	0.142821	chr17	72920357	72920398	+
GAACTTGCAGTGAAATAAAGCGTCTACCCTAGGTTAGGAAA	0.197064	chr1	61542309	61542350	-
GCTCTGTGCGGCCCGAGGCTCGGGCGCTTTCATGTCACTGC	0.13531	chr5	72529881	72529922	+
GCGAAGTTAGGCGTTTCATACGCCGGGCACTCGTTTCCCCC	0.183794	chr5	76011284	76011325	-
ACCCCAGTGGCCGCCCAGGACGTGCGGTCACTGGAGAGCCC	0.170485	chr12	47219772	47219813	+
CACCTATTCGGGTACCTCGGCGATTTCCTGGTGAAATCTGC	0.190764	chr7	136553575	136553616	-
GGGGGCGCGCACCCCGCACCCGTGCGCGCGCCTTTGCACCC	0.196803	chr19	19221296	19221337	-
GGGCGCTGGGCCGCAGGGGGCGGGGTCCGGGCTCCCAAGCC	0.187319	chr4	102712062	102712103	-
GAGGGCGTCCTGGGGTTCTCCGGTTCTCACCACCCTTGGGC	0.185842	chr17	76967608	76967649	+
AAAGAAGAAAAAAAAAGAGGCGAACTCAACAAAACCGTCTA	0.179605	chr1	27113733	27113774	-
GGGCGGGGCCGCAGTCACCGCGCAGGGACAGGACAGGACAC	0.114993	chr19	12076214	12076255	-
GATCCAGTTCTCGGTGCCCGCGCCCCCTAGCCAGCTCGACC	0.155526	chr17	37783668	37783709	+
CGCGGCTGCTCTAGCTGCCTCGGGCCGGGCCGAGACCCCGC	0.104485	chr16	86612430	86612471	+
GATTTAGAATCTTAAAAGGTCGTCATTACATGGTGAAGCTG	0.141185	chr4	15471220	15471261	-
CTCCCACCACTTCACAGACCCGGGAGCTGCCCAACCAGGGC	0.145667	chr7	96644761	96644802	+
TGCGGGGAACGGAGAGGCCTCGCGGCAGTCCTTATCTGGCA	0.166403	chr10	101606006	101606047	-
GCTGTGGCCAGAGGCTAACCCGGCCCCTGGCTTCGTTTGGA	0.103659	chr1	27113539	27113580	+
CTGCACCGAGAGAATAGCCGCGGGAGTATCATGCAAATTGC	0.186035	chr10	124911013	124911054	+
TGGAGCGAGAGTTCACTCCCCGGGCTGACTGCTCCAAGCCC	0.149072	chr11	68623230	68623271	+
GGAGGAAGACGGAGGGTGGACGCAGCCCTTTAGAGTTGCAG	0.106703	chr1	212874531	212874572	+
CAGCCCGCAGGGGTCGCTCACGGCTGGTGTAGGGGCTTGGT	0.19808	chr2	97193503	97193544	+
ATCCCTCCTCTGGGCGGGCCCGGTCTGGCTAATCTCAGCTG	0.197557	chr14	69726298	69726339	+
CGACCTCGCAAGGTCGTTACCGGAGCTCACCGGGGTCTAGG	0.153509	chr22	21386968	21387009	+
ACTAGCCGAACTTTCCAAAACGTCTATTAGTCTAAGGAGGA	0.164433	chr12	54383658	54383699	-
CCGTGGCCAGGGAGCGCGTGCGCGCCGAGCATCTGGGGGCG	0.141167	chr13	95655303	95655344	+
CGGCCCCAGCCGTGCGCGGGCGGCCGCTCCCCCACAAGCTG	0.165816	chr1	8277374	8277415	-
GAAATGCAGCAAGGAAGGAACGATTCTGCCTGTGCTCTGCG	0.19308	chr12	54383619	54383660	-
TGTCCCTGACTCCTGGGGCTCGATTTCCTCCGGCCAAGAAT	0.17168	chr19	57751670	57751711	+
GGGTGTCGGGGGAAGGTGCGCGTGTCTCCAGGCCTCCTGCC	0.177758	chr19	47746348	47746389	+
CGAAGAGCGCGAAGGGGAAACGACGCTGCCTCACACCCAGT	0.187366	chr14	69726234	69726275	-
CCGAGGACGCCCTCCCCACTCGCCCCTGCGCCTCCTCGTCT	0.19446	chr11	68622719	68622760	-
AACTCTCAGCCTGACCCCCTCGTCCATTAGCTCAGGCAGGC	0.190469	chr7	156811464	156811505	-
ACTCAGACCCTCCCTCAGCCCGTGATGCATTACTGCATATG	0.19605	chr11	119613385	119613426	-
CTGGGCTCCAGTCCTTTCCCCGCCAAACTCCAGCCCTTCGG	0.172964	chr12	54377529	54377570	+
TCCCGGGTGCCCCGGGCGGGCGCCGCGGCCAATATTGACTT	0.188412	chr1	48191011	48191052	-
CTGCCCAGAGGCCGGGTCCCCGCTCCACTTTGCGCAAACTT	0.19467	chr22	30938463	30938504	-
GCCCCCACCACCCGCTCTACCGCCCCCTCGAGCCCCCACCA	0.192143	chr5	137474810	137474851	-
GACCGGCCCGACCGCCCCGACGCCTGCCAGCCCCCCTGCTC	0.164491	chr15	91427585	91427626	-
CTGCGGGAGGTTTAGAAACGCGGGTGCTTTTAAATACACCT	0.158028	chr3	181413790	181413831	-
CCCGCCCTAGCACCCGCTCCCGCTCCCACCTCGTCTGCGCC	0.186023	chr14	102248232	102248273	+
CTCCGGACACACTGTCTGCGCGACCCCCCACGGGACCCGGC	0.168991	chr3	186490324	186490365	-
AGAGGCTGGCGAGGGGGCGGCGCCTTAGGTCCCAGCGCGAC	0.146625	chr5	179243895	179243936	+
CTCCGTGGCCCTGTCAGTCCCGCCTAAGCCTTTGTGTGGCC	0.177416	chr2	45176842	45176883	+
AGAGCACAGAGTGAAAAGGTCGCAGCGTGGTCAAGTTTGGC	0.163285	chr15	74658553	74658594	-
GCTCCAAGGCCAGGAGATGGCGCCACTGGACAGTGAGTCTG	0.155197	chr19	11784493	11784534	+
GTCGGGCCACCTCGGAGCTGCGGAGCTCAGGAAAGGCCAGC	0.143955	chr5	60921515	60921556	-
TTGACGAGTGCACACCTTCACGGACTCAGACTCATTAATCT	0.177911	chr14	38053952	38053993	-
CTCAGGCCTCTGCTGGGCCCCGTGGGCCTCGGCTCCTGAGC	0.148015	chr12	54447272	54447313	-
GCGTCTGCCGGTGAGGCCGGCGTTCTAGGGCCGCGGGCGCC	0.123708	chr5	76011118	76011159	-
CGCTTGGCCCGACGCGGCGGCGTGAAACGCATTTCGGGCCT	0.184152	chr6	26240761	26240802	+
CCGGCCCTGGTCCCAGCTGTCGAGCTCTCTGCCCGCAGCGG	0.14678	chr17	7976265	7976306	-
AATGTGGCCATTTACCTTCACGCTCCGGTGCCGGCACCTAA	0.158797	chr17	35014392	35014433	-
GAAGAGTCGGGGACGGGGATCGTGAAGACATTTCCTGTACT	0.179401	chr7	127912015	127912056	-
GGGGCCAAAGCCCTCCAGGCCGGGCGTGTCAGCCCCGCCCC	0.144397	chr11	63828325	63828366	+
GGGCCGTGGGCCCGAGCCCCCGGACTTCCCTGTAAATGTCA	0.19964	chr17	7906021	7906062	+
CATGCGCACAGGATCCTCGCCGTCAGGCACCTGCGGAACAC	0.120209	chr1	226288409	226288450	+
GCAGCCCCGAGAGCCCCCCGCGGCTGCAGCGGCAGCTGTCA	0.175223	chr7	88388534	88388575	+
TGTTTAGCGCGCGGCCTGGGCGCAGACACCTGTGCGCCGAG	0.190898	chr20	62461274	62461315	-
GAGCACACGCAGAGCCAGGCCGCCTGGCTCTGTGCCAAGCC	0.19777	chr12	57619380	57619421	+
GCGTATGAAACGCCTAACTTCGCGAAATAAAGAGAGACGTA	0.149214	chr5	76011302	76011343	+
AAGAGATTCCTCCCCTTCCCCGGGCGCAGGGTCCTTCTGCA	0.15267	chr17	75369035	75369076	-
GATGAGGAAGAAAAGACTGACGCATCAGCAATGTTAAGTGA	0.19008	chr1	163038992	163039033	-
TTTTACTTGTCCAGGACCAGCGACTGGGCCTGTCCCCTGGT	0.180981	chr20	30778379	30778420	-
CTGGCTGAGAACTTATCCGGCGGAGCCTGCTGCATACGTGG	0.136741	chr10	74008752	74008793	+
TCTGTTTCCTCCCGGGGCCTCGGTCTGACGCCTTCAGTCAG	0.176887	chr11	61062890	61062931	-
GCGAAAATTCCGGGGCATAGCGGGCCTGTGCCTCAGACTCC	0.157202	chr6	108490351	108490392	-
ACTGGCCGCCGCTCGCCCCTCGCTGGGGCTGCAGGACCGGG	0.129403	chr12	52301143	52301184	-
GCACCCCTCTGCCCCAACCACGTTTTCTCAAGAGTGTTGTC	0.120396	chr14	102247881	102247922	+
GCCTCCGGCTCACCTCCCGACGGTGAAATGTGGCCATTTAC	0.197032	chr17	35014418	35014459	-
GGGGCTCCTGAGCCCCCCAGCGCTCGCGAGCAGCGCATCTC	0.110892	chr10	75407565	75407606	-
CGCCCGGCGTGGGGCTTTTACGGCGACCCTCCCCCGGCCGC	0.169438	chr18	19745437	19745478	+
ACATGTAAACACGGTTAGGTCGTGTTTTTCGCCACTTGCAC	0.197802	chr20	22550108	22550149	+
GCGGTCCCCCACCCTCACCCCGGCCCCCCACCCGCAGCCGG	0.172417	chr6	43253132	43253173	+
CGCCTGCAGGGGCCCAAGGCCGCCCTCTACCAGTCCTGGAA	0.139977	chr2	97136536	97136577	-
CCCTCACTCACTCACACACACGCGCACAGACAACGTTGCCG	0.169687	chr19	13135507	13135548	-
CAACGAATGTGGGGACAGTTCGTCTGGCGCCCGCGGTCGCA	0.145752	chr20	30778279	30778320	-
GGTGGGTTTGTGAAAAGAAACGAGGTCCCTGCATCCGGCCT	0.178008	chr12	54409300	54409341	+
CAGTGGAGACAGAGCTTCCACGGTTCCCATGTGACCCCATT	0.149656	chr15	75076231	75076272	-
GTGTCAAGTGTGCTTTAGCACGACGTGGTCACAGATGGACA	0.194178	chr4	2966363	2966404	+
GGGGGCGGGAGGCGCCCACCCGTCGCACTAGTGGGCATTTG	0.170681	chr17	46810681	46810722	+
CACAGCCTGCAGTAGAAGGACGGAGAGAAATCAACATGAGC	0.168492	chr4	15471357	15471398	-
GGAGGAGAAGAGAGGATGCCCGTGTTGGGCCCTTCCCATGG	0.160489	chr3	194600938	194600979	+
CCTCGGGCCGGCGGAGCCTCCGCTTACCCACAATCAGGGCC	0.124303	chr6	30646928	30646969	+
TTCCGCAAACTGATGCAGGGCGGGACTCTCGCTCGGATATC	0.170722	chr4	15704660	15704701	-
AACGAAAAGCAAGTTTTCCTCGGCCCTGCGCCCACCCAGCC	0.190672	chr2	175205831	175205872	+
GCACAAACACAGAACAATCACGAGAGCAGCAAGAAACGCCA	0.180571	chr16	72821478	72821519	-
AAGCAGACAGAGAGCCCCTCCGAGGTTCCGAGGTTCTGCAG	0.14316	chr19	18811623	18811664	-
CTGGTCCCGCAGACGTCTGGCGGCCGTGAAGGGGCTGCACA	0.155909	chr1	209849165	209849206	-
TTCCTTGTCATCATCCCTCACGCCCTGCAGCCCTGCCTCCT	0.14676	chr12	123754308	123754349	-
GCCCTTGCCAAAAACACCGCCGATTTCCACGCCCTCCCATG	0.161641	chr16	54689200	54689241	+
GGCAGCTGCAGCAGACCCCTCGCCCGAGAGGCAGAGTCGTA	0.18876	chr2	121104896	121104937	+
GAGGGGAGCAGGGGGCTGCGCGGCATCCAGCCTCCCCCGAT	0.194095	chr10	126137496	126137537	+
GGTCCCCTCCGAGCCGCTCCCGCAGCTGGCTTCAGGAAGGG	0.138691	chr16	84029437	84029478	-
CCGAGGGGCCGGCGAGGCTGCGGCCCTGGAGCCCCCTGCCT	0.177767	chr2	97193153	97193194	+
CAATGACCACTCGCTTCCCACGGAACCAGGGGGCACTGGGC	0.187407	chr13	95655558	95655599	+
GGCCTCCGGGCCTGGGTGAACGTGCCTTCCAGACCATCCTG	0.185228	chr4	26030670	26030711	+
TGCGGCTCCGGGGCTCGGGTCGTTTTGAGTTCCTATCTTTG	0.157579	chr6	30095550	30095591	-
CCCGGGGTGGGGGGGGGGGGCGACATTCCCTAATGGGAAAA	0.188365	chr6	28956662	28956703	+
TCCGAACGCAGTGACAGCCACGGCCCAGGCTGCACGTCTTA	0.182152	chr3	45067768	45067809	-
TCCAAGTCAAAGACCCAACACGACCCTGCTGATTCGCTTTT	0.138869	chr14	38067199	38067240	-
AGTCTTCCTGGGCCCCGCCCCGGCCCTAAGCCCCGCACAGG	0.172572	chr19	15343325	15343366	-
CAGCCCGGCCCGGCGCTGCTCGCACATTAGCCTTCAGGAAT	0.151526	chr6	37751686	37751727	-
CTGACCCTCTACCCTCCTCACGGCCTCGGTGTTTGCACACA	0.167072	chr19	40503337	40503378	+
AGCCCTAAGGGGAGCTGAACCGGAAAACAAGTCTGTTAGTA	0.143848	chr6	30095708	30095749	-
CGCCATGCTGGCGGTGGCCGCGCTCTACGCGCTCTGCTGGG	0.181652	chr22	38221074	38221115	+
CCCTCCATTCCCCAGCGTCCCGGACCGGTCCTTGCTCATCT	0.199192	chr3	14852735	14852776	+
TTCAATATGTACCTCACCCGCGAGCGCCGCCTAGAGATCAG	0.115552	chr2	176983794	176983835	+
GGCCCCGTACAGCCCGTACTCGGCCATCACGCTGCTGCCGC	0.175879	chr20	25058408	25058449	+
GGGCTGGAGAGGCAGGGTAACGCCCGTGGGTGCCTCGGACA	0.173684	chr6	108496695	108496736	+
TTTTCTGCTTTGCCAACATCCGAATCCAAGAAAATGGCTCA	0.168968	chr3	147089342	147089383	-
ATGTGCACACATTTGTAGAACGTTCTAGCATCTATCCTACA	0.172086	chr3	138656451	138656492	-
GCACACGTTGCCCCTCACACCGGACAGGATGCGAGTACATA	0.192258	chr11	67139526	67139567	-
CCGGCCACCCGGGGAAGAAGCGGAGGACGCCGATCTGGCCT	0.138171	chr14	102248052	102248093	+
GCCTTCCCCGCCCCTCTCCCCGCCCCGATTCACCGCGCTCC	0.145863	chr1	246952342	246952383	-
TGTCATAACAACTCAGCGGGCGCCTCGGGAGGGAGACTCTG	0.161369	chr16	84029490	84029531	+
CGCAGCGTGGTCAAGTTTGGCGCTAGCGACAGACCCAGCAT	0.166954	chr15	74658533	74658574	-
CCCGGCCGCGCGCGTCTTCCCGGGGCCACTCCCAGACTTCT	0.137029	chr12	49942961	49943002	+
CAGCGCCGCCCGCCGCCCGCCGCCCTCCTCAGCCACCCTGC	0.164968	chr8	145104156	145104197	-
GCGGGGATCCGCTGCCAGCTCGGGGTCAAACAGTCCACTTC	0.170098	chr7	155252681	155252722	-
GTGCTCAGAGTCCCCCATCCCGTCTCGCACCCTGTCGTCAG	0.155337	chr17	7976435	7976476	+
TCCTCCTCAGCTCGCTACTGCGCCGCCTGGGCTGCGTGTGC	0.13632	chr6	37751599	37751640	-
CTGTGGACTCCTTTACTAGGCGACCAGCCCTGAAACAGAAG	0.193583	chr12	122019010	122019051	+
GGAGGGGGCCGCGGGGGGCCCGGCCGCCGCCATTAACTCCG	0.179341	chr1	46951456	46951497	+
TGATTTCAATTTCTGTAACCCGACGACCCTCCAGGCACAGG	0.185253	chr13	28549678	28549719	-
CACTGCTTTGACGTTGTATGCGTTCCCGGCCAGAGCCTGCC	0.195229	chr13	24844832	24844873	-
CCGGCGCTGCACGCCCTCCACGGCTTGGCCCGCGCGCTGCT	0.157984	chr8	145104085	145104126	+
TCCTCGAGGGCCAACCTGGCCGGACGCAGAACCGCCCCGTC	0.100159	chr15	75251471	75251512	-
GCCGAACCCGGGCGCTGCTTCGTCTTCCTCACCGCCAATCT	0.131126	chr8	145104338	145104379	+
AAGCGCTTTTCTGGCCCTGCCGCCGGATCTGACTCAAAAAG	0.115351	chr2	97193269	97193310	-
GGTCAGCCACTGCCCCACACCGGGCCCACCAAGCCCCGCCC	0.173315	chr12	54357510	54357551	-
CGCCGCAGACCAGGCGGGGGCGAGCCCCAGGCGGGAGACAT	0.188458	chr17	42287951	42287992	-
GAGTCTTAAACATTCCCCTGCGCTGGCGGCTTTATTGAAGG	0.196256	chr17	43065035	43065076	-
GCACACCCCGGCAGCTTCCGCGCGATTCTTCCCGCCCCCGA	0.132503	chr6	27725167	27725208	+
AATTCCCTCCAGGAGTCCGCCGAAGCTGTGGGGCTCCAGGT	0.135746	chr7	100075325	100075366	+
GGGCCTCCAGTAGGGTCCCCCGCCCCCAGGCAGGCCGCCAC	0.125945	chr19	46916720	46916761	+
CGCGCCCGCGGGACCCACGGCGGCCCACAGGAAGCGCAGCG	0.178453	chr22	38220989	38221030	-
TGGGCTCAAGAGCCGAGGGGCGCAGGGCGAACATGCGAGTC	0.187069	chr17	75368882	75368923	-
GCTTCTCCGGGCCCCCCCTGCGGTGCTCTCTGCTGGGCTCC	0.152675	chr8	54605768	54605809	-
CACCCGAAGCCCCAACCCTGCGGGTCAGGAACTCCCTAGTC	0.182579	chr17	72920577	72920618	+
TTTCTTGTAACTAACCTGATCGAATGTGTGAATTGGGATTT	0.198842	chr6	30095399	30095440	-
TGCGGGCATCTGTAGCCCCTCGACCACCCCCAATCCCAGTG	0.129624	chr7	96622022	96622063	-
GGGCCCGGGGCCCAAGGCCCCGCCTGGTGGGGTCTCATCCT	0.193984	chr16	3220781	3220822	+
TTCTTTTTTCTGGGAATCCACGTTCTCCTCCTGGGTAAAGG	0.1358	chr20	61561000	61561041	-
GCGAGGGAGGGACTGGGCCTCGGGACCCCCATCCCCGGGAT	0.192389	chr17	77722315	77722356	+
GGGAGGAATGCTGGGTCTGTCGCTAGCGCCAAACTTGACCA	0.173241	chr15	74658526	74658567	+
GGAACTAATCAAGTGCAGAACGTGATACAGCACTGAATACA	0.190013	chr6	30582220	30582261	+
CGGCCCCGCGGAGGCGGCGGCGGCCCCACCGCAGGTCCTAG	0.172105	chr15	74658310	74658351	-
TGGACGCTGCCCGGTGGCCTCGGCGGGGGCCCTGTCCTTGG	0.159797	chr20	61560610	61560651	-
CGGAAATGAAGGGGAGGGGGCGTAGGTTCCCTGGCACAGCT	0.189649	chr6	1383610	1383651	+
GGGCTGCAGCTCTGTCTGCTCGACCCAGTCCTGACCCGGCC	0.147014	chr6	108489957	108489998	-
CGAGCGGCTCCCGGGCAGCGCGGCTTTATATGCCGCTTCTC	0.156908	chr6	169653940	169653981	+
GAATTCTTTCTTCCTTTAAACGAATGTCAAGGGCCTGGCAA	0.191705	chr13	98824989	98825030	-
AGCCGGCGCCGAGATCCAGACGGACGCACGGTGCTGATTGG	0.177545	chr1	9258816	9258857	-
CGCCCGCCCCGGATGCCGAGCGTGGTAGACTCTGCAGCCGG	0.164686	chr12	54145820	54145861	+
CCACACACGTCCAGCGACCGCGGCGATAAGGCTCTCCCAGG	0.133132	chr7	100075381	100075422	+
AGCATCCTGCACTGCAGGGCCGGTCTCTCGCTCCAGCAGAG	0.171293	chr6	169653885	169653926	-
CAGCGAAGCCAGTGCTCCAGCGCCCCCGTAACACCTCAAAG	0.197789	chr15	74658223	74658264	+
GAGCCTTCACTGGCCCCCCTCGGAATTTCAAACCTCGCTGG	0.124042	chr2	119610505	119610546	+
CAGGAGCGATCCCTCCCAGGCGAGTTCTTCTGACTACAAGC	0.147045	chr1	26552082	26552123	-
CCGGGGTCCCCTCTGCGCCCCGCCTCCCGCAGCTCTCCGAA	0.161367	chr16	86613046	86613087	+
GGCGCCGACGTCAACGCGCACGCCAAGGGGGCCTTCTTCAA	0.198239	chr17	3438898	3438939	-
ATGCCTACGTGAGCCGGGGGCGAGGTCAGTCCCAAGGCTCA	0.156652	chr19	46916499	46916540	+
CAGTTCCGCCCCAAGGACTACGGAGGAGGGTCCCGCCCCGT	0.109988	chr4	683039	683080	+
GAGTGACAAGGCCTGAAACTCGAGCCCATCGCCCGGCCTGA	0.191803	chr14	61104908	61104949	-
AGGCGTCCTTCTTCCAGGCACGCATTTCTTCTAGCCTGATT	0.186175	chr12	54346135	54346176	-
TTACTCCTCGCGTGGCCCCACGATGCCCAAGGCACACTCCC	0.199998	chr12	58238211	58238252	+
TTCGGTTTTCCGGCCAGACCCGGAAAAACGAAAACACAGCT	0.181315	chr7	27241984	27242025	+
ACCCCAAGGGAAGACACGGCCGTTTCTTTTGATAGTGGAAT	0.108729	chr3	141516617	141516658	+
TACACTCAAGCACAGACGCCCGGCCTCCCACACATTCCCAC	0.188615	chr15	38670570	38670611	-
CGTCAATTGTCATCCCGAGTCGGGGCCACTTTGACCGCCAA	0.182808	chr6	108440260	108440301	-
TAGGCTAAGAAGCTCCCACACGCCACCCCCTGGCCCGCGTC	0.199983	chr6	32122733	32122774	-
CGGCGGGGACGTCACAGAGGCGGCGACATCACAGGCACCGG	0.19956	chr17	43339495	43339536	-
GGCTTTAAACGAAGTAAAGCCGGCTGCCTCCTGGAGTATTT	0.154633	chr20	61560414	61560455	-
CCGGTATGCGTTTCTCTGCCCGGCCTGCGGCCCTGCAGCAT	0.175988	chr15	74658146	74658187	-
TTCCTAGATCAGCTGTTACCCGAGCTAGAATTAGCCCAGCC	0.19992	chr10	124906401	124906442	-
GACCCCGCCCCTCTAGACCCCGCCCTCAGGGAGTCAGACGC	0.174687	chr19	45901628	45901669	+
CGCCGGGCCCTCTAGGAGGGCGGGAACTCCAGGACCCCTGG	0.185465	chr2	172966408	172966449	-
ACAGGGTGGGGAAGAGAGGTCGTTAAATTAATTTCACCAAG	0.175683	chr2	176988560	176988601	-
ATGTATATTGAGTCTGTGGACGACAGGCAGATGTTTATCTG	0.190882	chr3	147107879	147107920	+
CCCTCCCATCCAAGAACCCCCGGCTCCTGCCTCTAGAATTT	0.195604	chr4	41880726	41880767	+
CCCTGGAATTCTAGAGCCGCCGCAAAGATAGGAACTCAAAA	0.133437	chr6	30095528	30095569	+
TTCCTCCGCTGGCGGCTACCCGGAGTACCCGCGCACCCTAC	0.132159	chr14	38067602	38067643	-
CCCCGGCTCAGGGGGGCCCCCGCGGCGCTCCACCGTGAGCC	0.176302	chr11	637155	637196	-
GAAACACCTTGAACCCCCAGCGCTCCCGCCGTCACCTCCAC	0.189053	chr5	170740652	170740693	+
CACTCTATCCCCTTCCCCCACGCCCACCCCTTGTCTATTTA	0.15845	chr7	27285116	27285157	-
GGCGGGGCGAGGCCTGGACTCGCTGGACCTAGTAGCCCACA	0.148834	chr13	100642755	100642796	-
TTCCTCCCAGTGCAGTGACCCGACTCTCCTGGGGAGAAATG	0.168928	chr19	11784627	11784668	-
CTTGGGGAGCCCCCACTAGCCGGCGCCTGTGCCAGCTCACC	0.188459	chr7	27242023	27242064	+
CATAGCCTCCCCCTCCCCCCCGCCCCAACACACCAGCTTGA	0.175641	chr7	96642584	96642625	+
TTGGTCTTAAAACGAGGTCACGAGGGGACCTTTGTAATTAC	0.160599	chr2	201726646	201726687	-
GCGGGACTGCCCTTGGCCGACGCTGCGATCACGGCCTCAGA	0.186309	chr7	72838755	72838796	+
AAAAAGAGTTCCCCGAGGGCCGAGTCGTGTGCGGTAAACAC	0.176713	chr20	55200126	55200167	-
TTGTGACTGAAACTCTGCTGCGTCTGTCATCTTGGTGTCCT	0.164835	chr5	926772	926813	+
TCAAGTTGGACTTGTTTTAACGTTCTGCTGCTTGAGTTGCC	0.184261	chr1	22416714	22416755	+
CGCTCAGCCCAGGACCCGCCCGCACTTCACCACTTCACGGT	0.191332	chr11	64478994	64479035	+
GGCTCAGCCCTAGCAACCCACGCCCGGTTGCCATGGAGACG	0.188548	chr19	46974866	46974907	-
AACCCCACCTTGGAGTCTCCCGAGTCCTCTTCAGTAGCACA	0.193589	chr2	119607171	119607212	+
TGAGTTTCTCTGGCACGAATCGGTTCTTACAGGCACAGAAT	0.197327	chr6	108440319	108440360	-
TGTGACAGAGCGAGTCCCCACGGCTCTGGGAGTGCCTCGCA	0.155643	chr16	30106802	30106843	-
CATCACAAACCAGATCCAGTCGACAGCACAATCCAAACAGA	0.13023	chr3	141516438	141516479	-
CCCATGGCCCTGATTGGATACGGCTCCAGGTCCCGCCCCCT	0.139325	chr19	11784754	11784795	-
CCCGCGAAGCCGGCGCCGTGCGCGCGGCGCCTCCCAGGCCC	0.130313	chr2	131792508	131792549	-
TTCTTAGCAGCCCCTGCGAGCGCCCTCAGTAGCCATTATTC	0.147892	chr17	17627174	17627215	-
CCACCCTCATGCCCACCCTCCGACCTCCAACCAGTCCCCAG	0.181915	chr7	96650172	96650213	-
CGCCAACAGGCCCGGGGACACGAGGCGCTCCAGGCCGGGGT	0.183918	chr3	138658533	138658574	+
CGACCCAGTTTCCCAGCTCTCGTCCTCGCCACTTCCTCTGC	0.135213	chr15	67326097	67326138	+
GTCCCCTGGGGTCCCAGGGCCGCATTCCTCCGAGGTCTGCA	0.12393	chr3	141516211	141516252	+
GACGCTGCTGGAGGCGCCGTCGCTCCGCGGCGGAGGCGACC	0.14541	chr15	67326061	67326102	+
AGAGGAGGGGAGGGAGGGAACGCTTTAATATTTTTCCAGTG	0.166717	chr17	17626770	17626811	-
CTCACTCCAGCCTCAGGCCCCGCCCATCATAACCCAAGGCT	0.19179	chr6	42145934	42145975	-
TCCACCGAGCCTGGTGGCCCCGAAAAACCCCAAGGCCCGCC	0.141076	chr1	119527357	119527398	-
CCCTTTCTCACAGTCCCGCTCGGCCGCCCCGCAGTGCCCAT	0.15012	chr1	46958780	46958821	+
GGGCCTGGCCGCTTTGTTCTCGTTCCCAGCTGCTCCTCTGC	0.104998	chr3	141516271	141516312	-
ACAAAGGCCTAGGGGAGCCTCGCCCACAGGCTGACCCTGCA	0.189042	chr3	138658683	138658724	+
CGTTCCCAGCTGCTCCTCTGCGCCTTTAAGCAGTGGCCTTT	0.17048	chr3	141516251	141516292	-
